dc_id,sku_id,available_inv
DC001,SKU001,109.02564405931496
DC001,SKU002,126.9989939317054
DC001,SKU003,0.0
DC001,SKU004,0.0
DC001,SKU005,0.0
DC001,SKU006,0.0
DC001,SKU007,126.99030022412076
DC001,SKU008,1299.145518781332
DC001,SKU009,0.0
DC001,SKU010,0.0
DC001,SKU011,561.0
DC001,SKU012,298.0
DC001,SKU013,360.71905837118345
DC001,SKU014,383.0
DC001,SKU015,0.0
DC001,SKU016,0.0
DC001,SKU017,0.0
DC001,SKU018,0.0
DC001,SKU019,423.9339408410122
DC001,SKU020,87.98003875968992
DC001,SKU021,192.1196296503768
DC001,SKU022,0.0
DC001,SKU023,0.0
DC001,SKU024,0.0
DC001,SKU025,0.0
DC001,SKU026,0.0
DC001,SKU027,2420.0
DC001,SKU028,0.0
DC001,SKU029,135.69804851372464
DC001,SKU030,1927.084247107424
DC001,SKU031,36.0
DC001,SKU032,0.0
DC001,SKU033,12176.0
DC001,SKU034,0.0
DC001,SKU035,271.5327035172778
DC001,SKU036,821.417691769725
DC001,SKU037,9102.162257160606
DC001,SKU038,35989.30675633297
DC001,SKU039,50.81183515843252
DC001,SKU040,3998.713661753268
DC001,SKU041,32.0
DC001,SKU042,108.0
DC001,SKU043,0.0
DC001,SKU044,18192.77355453096
DC001,SKU045,0.0
DC001,SKU046,0.0
DC001,SKU047,1986.111025024892
DC001,SKU048,0.0
DC001,SKU049,768.2061689920405
DC001,SKU050,0.0
DC001,SKU051,440.37999524613946
DC001,SKU052,0.0
DC001,SKU053,263.87699858917466
DC001,SKU054,852.3779083515105
DC001,SKU055,0.0
DC001,SKU056,0.0
DC001,SKU057,0.0
DC001,SKU058,430.5328548307016
DC001,SKU059,0.0
DC001,SKU060,0.0
DC001,SKU061,0.0
DC001,SKU062,2256.667902573381
DC001,SKU063,25748.01379927808
DC001,SKU064,5737.081835194613
DC001,SKU065,0.0
DC001,SKU066,173.28533251815207
DC001,SKU067,0.0
DC001,SKU068,224.6992636077753
DC001,SKU069,0.0
DC001,SKU070,67.65114601047696
DC001,SKU071,0.0
DC001,SKU072,1189.967864891431
DC001,SKU073,79.35950121625463
DC001,SKU074,664.0129306574295
DC001,SKU075,0.0
DC001,SKU076,14.992263319157242
DC001,SKU077,0.0
DC001,SKU078,140.23872724214525
DC001,SKU079,4121.549938008513
DC001,SKU080,0.0
DC001,SKU081,0.0
DC001,SKU082,0.0
DC001,SKU083,7381.0125473685985
DC001,SKU084,0.0
DC001,SKU085,107.9626661528485
DC001,SKU086,49.0
DC001,SKU087,0.0
DC001,SKU088,0.0
DC001,SKU089,0.0
DC001,SKU090,16.0
DC001,SKU091,472.6290580460986
DC001,SKU092,72.18433721609479
DC001,SKU093,0.0
DC001,SKU094,0.0
DC001,SKU095,182.0
DC001,SKU096,118.0
DC001,SKU097,453.9567414421082
DC001,SKU098,369.2750026882397
DC001,SKU099,782.1221622086154
DC001,SKU100,1957.5293160857923
DC001,SKU101,0.0
DC001,SKU102,0.0
DC001,SKU103,0.0
DC001,SKU104,746.0
DC002,SKU001,71.99950614574358
DC002,SKU002,0.0
DC002,SKU003,0.0
DC002,SKU004,0.0
DC002,SKU005,0.0
DC002,SKU006,0.0
DC002,SKU007,254.2231694328784
DC002,SKU008,3077.220914019802
DC002,SKU009,0.0
DC002,SKU010,2376.736559143996
DC002,SKU011,316.0
DC002,SKU012,1645.1444779744872
DC002,SKU013,1504.392720849527
DC002,SKU014,1118.0
DC002,SKU015,473.0
DC002,SKU016,0.0
DC002,SKU017,0.0
DC002,SKU018,0.0
DC002,SKU019,648.9174084225049
DC002,SKU020,629.9400281888654
DC002,SKU021,40.43594552551082
DC002,SKU022,0.0
DC002,SKU023,560.0
DC002,SKU024,0.0
DC002,SKU025,0.0
DC002,SKU026,0.0
DC002,SKU027,3517.560934879075
DC002,SKU028,0.0
DC002,SKU029,1347.2404901216828
DC002,SKU030,1201.6560019651256
DC002,SKU031,98.07412945478316
DC002,SKU032,0.0
DC002,SKU033,19309.844765835995
DC002,SKU034,0.0
DC002,SKU035,598.9230186048002
DC002,SKU036,1786.757675845328
DC002,SKU037,10582.379510427329
DC002,SKU038,39130.90478216151
DC002,SKU039,178.4524431050662
DC002,SKU040,6775.722691893911
DC002,SKU041,825.5514983752531
DC002,SKU042,65.0
DC002,SKU043,2.0
DC002,SKU044,15924.909130826369
DC002,SKU045,332.2338763895148
DC002,SKU046,4193.807090249498
DC002,SKU047,1857.462596088852
DC002,SKU048,0.0
DC002,SKU049,1007.6603892321664
DC002,SKU050,1440.0
DC002,SKU051,2168.2304445169325
DC002,SKU052,1280.0
DC002,SKU053,374.6872780643568
DC002,SKU054,3238.643219849632
DC002,SKU055,0.0
DC002,SKU056,0.0
DC002,SKU057,0.0
DC002,SKU058,374.82283999100406
DC002,SKU059,0.0
DC002,SKU060,82.51500903301398
DC002,SKU061,0.0
DC002,SKU062,5566.355758259684
DC002,SKU063,43397.91162739312
DC002,SKU064,9604.170559110704
DC002,SKU065,6617.792130899648
DC002,SKU066,482.2004655819061
DC002,SKU067,141.92134519199476
DC002,SKU068,528.6190904900076
DC002,SKU069,0.0
DC002,SKU070,262.79474963384405
DC002,SKU071,18.0
DC002,SKU072,1561.3863862926305
DC002,SKU073,181.23270701962417
DC002,SKU074,768.7781345568228
DC002,SKU075,381.4034212165194
DC002,SKU076,2186.097283144106
DC002,SKU077,0.0
DC002,SKU078,192.3566411715931
DC002,SKU079,7000.8194337315645
DC002,SKU080,0.0
DC002,SKU081,0.0
DC002,SKU082,1717.0
DC002,SKU083,8458.77523440515
DC002,SKU084,3044.64167787866
DC002,SKU085,417.1190924533842
DC002,SKU086,48.0
DC002,SKU087,48.0
DC002,SKU088,0.0
DC002,SKU089,859.0
DC002,SKU090,0.0
DC002,SKU091,2236.71245530645
DC002,SKU092,79.09286143205676
DC002,SKU093,0.0
DC002,SKU094,0.0
DC002,SKU095,1291.0
DC002,SKU096,1817.0
DC002,SKU097,1172.4162813011828
DC002,SKU098,929.8299770483962
DC002,SKU099,1181.0851426534157
DC002,SKU100,2491.9567386438466
DC002,SKU101,1032.9054292846354
DC002,SKU102,39.5486565934368
DC002,SKU103,0.0
DC002,SKU104,563.0
DC003,SKU001,0.0
DC003,SKU002,52.0
DC003,SKU003,0.0
DC003,SKU004,0.0
DC003,SKU005,167.0
DC003,SKU006,0.0
DC003,SKU007,75.0
DC003,SKU008,1346.8908533552908
DC003,SKU009,0.0
DC003,SKU010,2466.344417965696
DC003,SKU011,353.0
DC003,SKU012,3340.1295998501178
DC003,SKU013,274.80509648466835
DC003,SKU014,1451.0
DC003,SKU015,931.0
DC003,SKU016,0.0
DC003,SKU017,0.0
DC003,SKU018,0.0
DC003,SKU019,256.2363801104432
DC003,SKU020,312.5363972708053
DC003,SKU021,600.7889024663801
DC003,SKU022,0.0
DC003,SKU023,1056.0
DC003,SKU024,0.0
DC003,SKU025,0.0
DC003,SKU026,0.0
DC003,SKU027,2733.3799772746124
DC003,SKU028,0.0
DC003,SKU029,45.65059365893081
DC003,SKU030,1198.4561574471995
DC003,SKU031,0.0
DC003,SKU032,0.0
DC003,SKU033,8521.345275636275
DC003,SKU034,0.0
DC003,SKU035,752.8866959455368
DC003,SKU036,1631.504465370463
DC003,SKU037,7665.7036528489725
DC003,SKU038,29790.455033128368
DC003,SKU039,58.40803616651463
DC003,SKU040,2702.947755032388
DC003,SKU041,2463.330358809948
DC003,SKU042,36.0
DC003,SKU043,780.0
DC003,SKU044,16403.34857923943
DC003,SKU045,723.8482221226354
DC003,SKU046,1468.077631558849
DC003,SKU047,833.1416283377439
DC003,SKU048,10.0
DC003,SKU049,781.9078956622808
DC003,SKU050,0.0
DC003,SKU051,159.86079772113771
DC003,SKU052,0.0
DC003,SKU053,0.0
DC003,SKU054,384.30787733969765
DC003,SKU055,5.0
DC003,SKU056,0.0
DC003,SKU057,0.0
DC003,SKU058,232.50815941901
DC003,SKU059,0.0
DC003,SKU060,137.50900888443192
DC003,SKU061,0.0
DC003,SKU062,5059.828468322782
DC003,SKU063,39844.10725278021
DC003,SKU064,5408.573416488625
DC003,SKU065,10445.213129272148
DC003,SKU066,224.48997194540945
DC003,SKU067,310.9127955566955
DC003,SKU068,100.0
DC003,SKU069,0.0
DC003,SKU070,20.0
DC003,SKU071,1.5870186862940592
DC003,SKU072,1856.2222775659843
DC003,SKU073,37.99948773110828
DC003,SKU074,601.9547781306509
DC003,SKU075,583.6983295734216
DC003,SKU076,111.28693829501874
DC003,SKU077,0.0
DC003,SKU078,198.56101550245927
DC003,SKU079,3500.8157520798413
DC003,SKU080,0.0
DC003,SKU081,0.0
DC003,SKU082,1768.0
DC003,SKU083,4957.762731971447
DC003,SKU084,6608.321048393618
DC003,SKU085,36.37785693641234
DC003,SKU086,32.0
DC003,SKU087,1290.1061028045456
DC003,SKU088,0.0
DC003,SKU089,2080.0
DC003,SKU090,0.0
DC003,SKU091,1802.592728476368
DC003,SKU092,648.2924757588968
DC003,SKU093,0.0
DC003,SKU094,0.0
DC003,SKU095,815.0
DC003,SKU096,2747.0
DC003,SKU097,552.0
DC003,SKU098,794.4079057284956
DC003,SKU099,1001.854591511592
DC003,SKU100,2356.5458889934307
DC003,SKU101,1494.0092514774558
DC003,SKU102,588.215202339044
DC003,SKU103,0.0
DC003,SKU104,568.0
DC004,SKU001,24.0
DC004,SKU002,0.0
DC004,SKU003,816.0
DC004,SKU004,0.0
DC004,SKU005,0.0
DC004,SKU006,0.0
DC004,SKU007,208.54001642097785
DC004,SKU008,1087.2993176883012
DC004,SKU009,0.0
DC004,SKU010,0.0
DC004,SKU011,295.0
DC004,SKU012,0.0
DC004,SKU013,1068.3798874555036
DC004,SKU014,126.0
DC004,SKU015,0.0
DC004,SKU016,1192.0
DC004,SKU017,0.0
DC004,SKU018,0.0
DC004,SKU019,531.9345168557825
DC004,SKU020,524.6600422832981
DC004,SKU021,478.0749093466093
DC004,SKU022,0.0
DC004,SKU023,0.0
DC004,SKU024,0.0
DC004,SKU025,0.0
DC004,SKU026,0.0
DC004,SKU027,0.0
DC004,SKU028,0.0
DC004,SKU029,344.4031075477653
DC004,SKU030,907.599937221287
DC004,SKU031,168.79155578484762
DC004,SKU032,0.0
DC004,SKU033,17071.47890442218
DC004,SKU034,0.0
DC004,SKU035,338.5019592428335
DC004,SKU036,1024.5739756371715
DC004,SKU037,6047.786727872944
DC004,SKU038,64912.36565131403
DC004,SKU039,96.44803465591222
DC004,SKU040,2530.3153775922383
DC004,SKU041,1100.1316942134104
DC004,SKU042,179.56450373757554
DC004,SKU043,0.0
DC004,SKU044,14878.486339552785
DC004,SKU045,0.0
DC004,SKU046,0.0
DC004,SKU047,3086.3745719573826
DC004,SKU048,84.07479036042135
DC004,SKU049,658.2573796994059
DC004,SKU050,0.0
DC004,SKU051,572.9681724266205
DC004,SKU052,0.0
DC004,SKU053,338.4982916863225
DC004,SKU054,2444.840315908574
DC004,SKU055,0.0
DC004,SKU056,0.0
DC004,SKU057,0.0
DC004,SKU058,280.7269017545036
DC004,SKU059,0.0
DC004,SKU060,0.0
DC004,SKU061,0.0
DC004,SKU062,858.6753068099548
DC004,SKU063,40302.55818943294
DC004,SKU064,6573.488781507444
DC004,SKU065,1215.1588709844548
DC004,SKU066,603.337811994699
DC004,SKU067,0.0
DC004,SKU068,76.82899730633413
DC004,SKU069,0.0
DC004,SKU070,124.1040803693652
DC004,SKU071,0.0
DC004,SKU072,922.5081443723002
DC004,SKU073,76.05538900987023
DC004,SKU074,456.6135900164648
DC004,SKU075,0.0
DC004,SKU076,382.9831940976911
DC004,SKU077,0.0
DC004,SKU078,79.06654907348954
DC004,SKU079,1957.3734625349816
DC004,SKU080,0.0
DC004,SKU081,0.0
DC004,SKU082,0.0
DC004,SKU083,5153.51749872262
DC004,SKU084,0.0
DC004,SKU085,153.59961746946323
DC004,SKU086,48.0
DC004,SKU087,0.0
DC004,SKU088,0.0
DC004,SKU089,0.0
DC004,SKU090,0.0
DC004,SKU091,173.32955528073472
DC004,SKU092,116.65522816424344
DC004,SKU093,0.0
DC004,SKU094,0.0
DC004,SKU095,352.0
DC004,SKU096,0.0
DC004,SKU097,118.40658832919488
DC004,SKU098,60.25422442026648
DC004,SKU099,378.3345273477191
DC004,SKU100,1500.322474117791
DC004,SKU101,0.0
DC004,SKU102,0.0
DC004,SKU103,0.0
DC004,SKU104,99.0
DC005,SKU001,0.0
DC005,SKU002,0.0
DC005,SKU003,280.0
DC005,SKU004,0.0
DC005,SKU005,0.0
DC005,SKU006,0.0
DC005,SKU007,98.51445141145356
DC005,SKU008,1307.2521678825358
DC005,SKU009,0.0
DC005,SKU010,684.8220563706643
DC005,SKU011,1338.0
DC005,SKU012,807.4435860803061
DC005,SKU013,564.7604539894478
DC005,SKU014,878.0
DC005,SKU015,20.0
DC005,SKU016,320.0
DC005,SKU017,0.0
DC005,SKU018,0.0
DC005,SKU019,198.54592664412093
DC005,SKU020,55.064312141347024
DC005,SKU021,170.7738318397873
DC005,SKU022,0.0
DC005,SKU023,268.0
DC005,SKU024,0.0
DC005,SKU025,0.0
DC005,SKU026,0.0
DC005,SKU027,689.6441289604306
DC005,SKU028,0.0
DC005,SKU029,199.56179155553343
DC005,SKU030,1300.5669135688008
DC005,SKU031,68.91468316109766
DC005,SKU032,0.0
DC005,SKU033,6772.891530581549
DC005,SKU034,0.0
DC005,SKU035,521.5258389156397
DC005,SKU036,0.0
DC005,SKU037,4357.379414889511
DC005,SKU038,22316.88168957356
DC005,SKU039,131.13484793474075
DC005,SKU040,2619.740779636092
DC005,SKU041,253.9777558584466
DC005,SKU042,133.0
DC005,SKU043,260.0
DC005,SKU044,7796.611249419731
DC005,SKU045,80.0
DC005,SKU046,512.9693459911248
DC005,SKU047,631.9006161428326
DC005,SKU048,0.0
DC005,SKU049,597.7361945406733
DC005,SKU050,0.0
DC005,SKU051,2456.728684074348
DC005,SKU052,0.0
DC005,SKU053,180.4882562271407
DC005,SKU054,1076.7352093424142
DC005,SKU055,0.0
DC005,SKU056,0.0
DC005,SKU057,0.0
DC005,SKU058,299.2452661419654
DC005,SKU059,0.0
DC005,SKU060,13.601977530159328
DC005,SKU061,0.0
DC005,SKU062,1083.657050954528
DC005,SKU063,12891.815741204584
DC005,SKU064,6111.123298369721
DC005,SKU065,797.0986182859301
DC005,SKU066,223.76964982026195
DC005,SKU067,78.0
DC005,SKU068,147.8489350961845
DC005,SKU069,0.0
DC005,SKU070,90.04850547232505
DC005,SKU071,0.0
DC005,SKU072,1439.7159866893855
DC005,SKU073,150.0
DC005,SKU074,649.2593725947679
DC005,SKU075,447.97455927050027
DC005,SKU076,766.5271780471986
DC005,SKU077,0.0
DC005,SKU078,95.84362560460744
DC005,SKU079,4476.943137318577
DC005,SKU080,0.0
DC005,SKU081,0.0
DC005,SKU082,823.0
DC005,SKU083,2192.1240883397577
DC005,SKU084,532.529761902189
DC005,SKU085,61.2217605330509
DC005,SKU086,32.0
DC005,SKU087,0.0
DC005,SKU088,0.0
DC005,SKU089,1.0
DC005,SKU090,0.0
DC005,SKU091,96.3678141866672
DC005,SKU092,90.14493934212368
DC005,SKU093,0.0
DC005,SKU094,0.0
DC005,SKU095,483.0
DC005,SKU096,927.0
DC005,SKU097,444.566360707592
DC005,SKU098,797.1767524400926
DC005,SKU099,428.79053219108886
DC005,SKU100,1030.8166307107774
DC005,SKU101,293.5226855730317
DC005,SKU102,309.2311892219918
DC005,SKU103,0.0
DC005,SKU104,1008.0
DC006,SKU001,0.0
DC006,SKU002,0.0
DC006,SKU003,288.0
DC006,SKU004,0.0
DC006,SKU005,0.0
DC006,SKU006,0.0
DC006,SKU007,259.44484168041873
DC006,SKU008,4346.579693634991
DC006,SKU009,0.0
DC006,SKU010,1188.5300432550248
DC006,SKU011,376.0
DC006,SKU012,521.9669924981798
DC006,SKU013,561.8386012494523
DC006,SKU014,263.0
DC006,SKU015,598.0
DC006,SKU016,528.0
DC006,SKU017,0.0
DC006,SKU018,0.0
DC006,SKU019,631.6113745900232
DC006,SKU020,498.0800035236082
DC006,SKU021,0.0
DC006,SKU022,0.0
DC006,SKU023,500.0
DC006,SKU024,0.0
DC006,SKU025,0.0
DC006,SKU026,0.0
DC006,SKU027,1554.354306223764
DC006,SKU028,0.0
DC006,SKU029,229.67907403768285
DC006,SKU030,1403.5340489723733
DC006,SKU031,168.83029259136305
DC006,SKU032,0.0
DC006,SKU033,15336.460314235655
DC006,SKU034,0.0
DC006,SKU035,1310.0228876566566
DC006,SKU036,2452.2274187098537
DC006,SKU037,9271.385341887031
DC006,SKU038,36736.763783376126
DC006,SKU039,122.60132288011032
DC006,SKU040,5771.35622750057
DC006,SKU041,445.3710613957009
DC006,SKU042,0.0
DC006,SKU043,2340.0
DC006,SKU044,13326.131414198066
DC006,SKU045,145.71529458996417
DC006,SKU046,3132.74541767996
DC006,SKU047,2260.8699397436203
DC006,SKU048,0.0
DC006,SKU049,884.4816072430754
DC006,SKU050,1745.0
DC006,SKU051,4371.954304968251
DC006,SKU052,0.0
DC006,SKU053,332.6401284024284
DC006,SKU054,1207.142128960368
DC006,SKU055,0.0
DC006,SKU056,0.0
DC006,SKU057,0.0
DC006,SKU058,878.6009791018203
DC006,SKU059,0.0
DC006,SKU060,39.98611435477928
DC006,SKU061,0.0
DC006,SKU062,4258.217229590721
DC006,SKU063,36280.15489106458
DC006,SKU064,11524.69915732412
DC006,SKU065,3452.151956030875
DC006,SKU066,143.07171991035176
DC006,SKU067,149.394473340815
DC006,SKU068,448.5251722709184
DC006,SKU069,0.0
DC006,SKU070,93.48739869492024
DC006,SKU071,0.0
DC006,SKU072,1071.7943411172505
DC006,SKU073,347.1306456475555
DC006,SKU074,478.4882740975109
DC006,SKU075,220.9537490153861
DC006,SKU076,448.3473344331277
DC006,SKU077,0.0
DC006,SKU078,297.695804924269
DC006,SKU079,3458.9160917649488
DC006,SKU080,0.0
DC006,SKU081,0.0
DC006,SKU082,1033.0
DC006,SKU083,7503.992746939085
DC006,SKU084,1507.1977151930753
DC006,SKU085,150.66495170197837
DC006,SKU086,81.0
DC006,SKU087,168.0
DC006,SKU088,0.0
DC006,SKU089,424.0
DC006,SKU090,0.0
DC006,SKU091,1889.4459361137413
DC006,SKU092,196.05952485761617
DC006,SKU093,0.0
DC006,SKU094,0.0
DC006,SKU095,678.0
DC006,SKU096,800.0
DC006,SKU097,574.5272454117073
DC006,SKU098,2381.968722937338
DC006,SKU099,1426.9198266036517
DC006,SKU100,2971.2077071911945
DC006,SKU101,699.4974509081662
DC006,SKU102,66.87815236157658
DC006,SKU103,0.0
DC006,SKU104,406.0
DC007,SKU001,0.0
DC007,SKU002,0.0
DC007,SKU003,0.0
DC007,SKU004,0.0
DC007,SKU005,0.0
DC007,SKU006,0.0
DC007,SKU007,292.18589975984645
DC007,SKU008,1125.774076645602
DC007,SKU009,0.0
DC007,SKU010,1672.2159505594082
DC007,SKU011,276.0
DC007,SKU012,250.0742466018877
DC007,SKU013,34.914325554464085
DC007,SKU014,234.0
DC007,SKU015,0.0
DC007,SKU016,0.0
DC007,SKU017,0.0
DC007,SKU018,0.0
DC007,SKU019,141.6560174091922
DC007,SKU020,95.59998238195912
DC007,SKU021,199.39188575375323
DC007,SKU022,0.0
DC007,SKU023,0.0
DC007,SKU024,0.0
DC007,SKU025,0.0
DC007,SKU026,0.0
DC007,SKU027,440.0
DC007,SKU028,0.0
DC007,SKU029,39.13294169376304
DC007,SKU030,421.3030494937671
DC007,SKU031,62.80625146961835
DC007,SKU032,0.0
DC007,SKU033,2797.14059759396
DC007,SKU034,0.0
DC007,SKU035,192.5115189674308
DC007,SKU036,767.8555140723339
DC007,SKU037,758.9273199724306
DC007,SKU038,13266.277695507322
DC007,SKU039,88.0
DC007,SKU040,1916.879897394199
DC007,SKU041,179.56258486720344
DC007,SKU042,282.0
DC007,SKU043,0.0
DC007,SKU044,5128.533973771215
DC007,SKU045,85.88027402477212
DC007,SKU046,0.0
DC007,SKU047,446.2695104522846
DC007,SKU048,0.0
DC007,SKU049,432.6763315087375
DC007,SKU050,0.0
DC007,SKU051,0.0
DC007,SKU052,0.0
DC007,SKU053,223.0161677106737
DC007,SKU054,356.2134910612168
DC007,SKU055,0.0
DC007,SKU056,0.0
DC007,SKU057,0.0
DC007,SKU058,178.35027672635414
DC007,SKU059,0.0
DC007,SKU060,48.0
DC007,SKU061,0.0
DC007,SKU062,1425.8850505511564
DC007,SKU063,13016.366883745875
DC007,SKU064,3833.185774280167
DC007,SKU065,2227.1614480376484
DC007,SKU066,139.0
DC007,SKU067,72.0
DC007,SKU068,0.0
DC007,SKU069,0.0
DC007,SKU070,0.5894158341090803
DC007,SKU071,0.0
DC007,SKU072,716.5675156742715
DC007,SKU073,0.0
DC007,SKU074,122.54394347851674
DC007,SKU075,101.98372406851328
DC007,SKU076,0.0
DC007,SKU077,18.0
DC007,SKU078,130.03687716022333
DC007,SKU079,2110.5535879972444
DC007,SKU080,0.0
DC007,SKU081,0.0
DC007,SKU082,0.0
DC007,SKU083,2312.5605616698144
DC007,SKU084,1013.4895739742964
DC007,SKU085,23.2697140655065
DC007,SKU086,16.0
DC007,SKU087,0.0
DC007,SKU088,0.0
DC007,SKU089,0.0
DC007,SKU090,0.0
DC007,SKU091,150.91171380265158
DC007,SKU092,278.7571747657981
DC007,SKU093,0.0
DC007,SKU094,0.0
DC007,SKU095,40.0
DC007,SKU096,240.0
DC007,SKU097,643.0
DC007,SKU098,46.25145965800551
DC007,SKU099,302.5213434499149
DC007,SKU100,694.8452982606872
DC007,SKU101,204.83946928945323
DC007,SKU102,0.0
DC007,SKU103,0.0
DC007,SKU104,269.0
DC008,SKU001,0.0
DC008,SKU002,0.0
DC008,SKU003,0.0
DC008,SKU004,0.0
DC008,SKU005,63.0
DC008,SKU006,0.0
DC008,SKU007,531.3918958916005
DC008,SKU008,2391.6458186750924
DC008,SKU009,0.0
DC008,SKU010,613.8991840000267
DC008,SKU011,258.0
DC008,SKU012,160.0
DC008,SKU013,163.07285586688445
DC008,SKU014,287.0
DC008,SKU015,0.0
DC008,SKU016,0.0
DC008,SKU017,0.0
DC008,SKU018,0.0
DC008,SKU019,33.18605409880731
DC008,SKU020,161.93999295278363
DC008,SKU021,6.508539772917977
DC008,SKU022,0.0
DC008,SKU023,0.0
DC008,SKU024,0.0
DC008,SKU025,0.0
DC008,SKU026,0.0
DC008,SKU027,110.0
DC008,SKU028,0.0
DC008,SKU029,224.6964048735526
DC008,SKU030,545.6641037269932
DC008,SKU031,36.999999997891365
DC008,SKU032,0.0
DC008,SKU033,4795.848950540825
DC008,SKU034,0.0
DC008,SKU035,213.4980756677733
DC008,SKU036,786.5901061525653
DC008,SKU037,2098.1296378084635
DC008,SKU038,18993.47671785399
DC008,SKU039,26.0
DC008,SKU040,898.2893770734577
DC008,SKU041,165.0
DC008,SKU042,252.26973258186817
DC008,SKU043,0.0
DC008,SKU044,5469.472596762063
DC008,SKU045,93.14883470239393
DC008,SKU046,0.0
DC008,SKU047,806.879906424547
DC008,SKU048,0.0
DC008,SKU049,396.46613219050886
DC008,SKU050,0.0
DC008,SKU051,0.0
DC008,SKU052,0.0
DC008,SKU053,125.98778282118349
DC008,SKU054,139.7076656129738
DC008,SKU055,1.0
DC008,SKU056,0.0
DC008,SKU057,0.0
DC008,SKU058,108.4188580480296
DC008,SKU059,0.0
DC008,SKU060,14.983780633908315
DC008,SKU061,0.0
DC008,SKU062,594.2776993994994
DC008,SKU063,12302.651668357696
DC008,SKU064,4052.94843961344
DC008,SKU065,733.4457370754385
DC008,SKU066,97.44051267706264
DC008,SKU067,0.0
DC008,SKU068,51.618543051281634
DC008,SKU069,0.0
DC008,SKU070,20.756122803193254
DC008,SKU071,0.0
DC008,SKU072,451.27430159015887
DC008,SKU073,0.0
DC008,SKU074,349.4005284599547
DC008,SKU075,98.0
DC008,SKU076,0.0
DC008,SKU077,33.95703991752468
DC008,SKU078,102.17253307092986
DC008,SKU079,1338.6673172697435
DC008,SKU080,0.0
DC008,SKU081,0.0
DC008,SKU082,0.0
DC008,SKU083,1385.0153070166118
DC008,SKU084,168.4193189016502
DC008,SKU085,20.548761592800872
DC008,SKU086,24.0
DC008,SKU087,0.0
DC008,SKU088,0.0
DC008,SKU089,0.0
DC008,SKU090,0.0
DC008,SKU091,87.33755733763653
DC008,SKU092,187.27138613693057
DC008,SKU093,0.0
DC008,SKU094,0.0
DC008,SKU095,107.0
DC008,SKU096,48.0
DC008,SKU097,156.21557932778754
DC008,SKU098,30.93783515483309
DC008,SKU099,310.71032604244795
DC008,SKU100,429.74617771020985
DC008,SKU101,84.84873551677359
DC008,SKU102,0.0
DC008,SKU103,0.0
DC008,SKU104,468.0
DC009,SKU001,4.0
DC009,SKU002,0.0
DC009,SKU003,0.0
DC009,SKU004,0.0
DC009,SKU005,0.0
DC009,SKU006,0.0
DC009,SKU007,248.7395289478357
DC009,SKU008,276.81220942656626
DC009,SKU009,0.0
DC009,SKU010,25.245426218834684
DC009,SKU011,0.0
DC009,SKU012,202.7323910153382
DC009,SKU013,147.53291268206794
DC009,SKU014,126.0
DC009,SKU015,0.0
DC009,SKU016,0.0
DC009,SKU017,0.0
DC009,SKU018,0.0
DC009,SKU019,5.0
DC009,SKU020,194.21999647639183
DC009,SKU021,106.58848650720024
DC009,SKU022,0.0
DC009,SKU023,0.0
DC009,SKU024,0.0
DC009,SKU025,0.0
DC009,SKU026,0.0
DC009,SKU027,0.0
DC009,SKU028,0.0
DC009,SKU029,18.980279688648665
DC009,SKU030,43.38664144564838
DC009,SKU031,0.0
DC009,SKU032,0.0
DC009,SKU033,3070.421211822628
DC009,SKU034,0.0
DC009,SKU035,97.63949185842954
DC009,SKU036,262.41749056187416
DC009,SKU037,399.9032080798737
DC009,SKU038,8189.82319190079
DC009,SKU039,0.0
DC009,SKU040,212.3596176713893
DC009,SKU041,97.401415733803
DC009,SKU042,24.0
DC009,SKU043,0.0
DC009,SKU044,921.4100579448452
DC009,SKU045,37.97610926057009
DC009,SKU046,0.0
DC009,SKU047,196.50168996145828
DC009,SKU048,0.0
DC009,SKU049,163.76668386950251
DC009,SKU050,0.0
DC009,SKU051,0.0
DC009,SKU052,0.0
DC009,SKU053,68.0
DC009,SKU054,126.0822263352728
DC009,SKU055,0.0
DC009,SKU056,0.0
DC009,SKU057,0.0
DC009,SKU058,154.90883286661912
DC009,SKU059,0.0
DC009,SKU060,0.844555068690238
DC009,SKU061,0.0
DC009,SKU062,91.12191334539942
DC009,SKU063,7076.445534823726
DC009,SKU064,1647.4086707497468
DC009,SKU065,200.2272602536252
DC009,SKU066,73.33581748270484
DC009,SKU067,168.9953077305024
DC009,SKU068,29.0
DC009,SKU069,0.0
DC009,SKU070,15.59470718185352
DC009,SKU071,0.0
DC009,SKU072,42.45668118034501
DC009,SKU073,0.0
DC009,SKU074,112.4062657189018
DC009,SKU075,56.17511867961905
DC009,SKU076,0.0
DC009,SKU077,95.772838324651
DC009,SKU078,52.90610568742224
DC009,SKU079,0.0
DC009,SKU080,0.0
DC009,SKU081,0.0
DC009,SKU082,33.0
DC009,SKU083,340.9685641815432
DC009,SKU084,41.57898890401229
DC009,SKU085,10.495333269106062
DC009,SKU086,39.0
DC009,SKU087,0.0
DC009,SKU088,0.0
DC009,SKU089,0.0
DC009,SKU090,0.0
DC009,SKU091,69.72131025720205
DC009,SKU092,0.0
DC009,SKU093,0.0
DC009,SKU094,0.0
DC009,SKU095,0.0
DC009,SKU096,25.0
DC009,SKU097,0.0
DC009,SKU098,97.0
DC009,SKU099,166.44566087994588
DC009,SKU100,154.0561981246127
DC009,SKU101,175.23270083890924
DC009,SKU102,12.300157518989964
DC009,SKU103,0.0
DC009,SKU104,77.0
DC010,SKU001,0.0
DC010,SKU002,0.0
DC010,SKU003,0.0
DC010,SKU004,0.0
DC010,SKU005,188.0
DC010,SKU006,0.0
DC010,SKU007,1878.6458103089203
DC010,SKU008,3778.725092534518
DC010,SKU009,287.7696400291919
DC010,SKU010,3995.583580859716
DC010,SKU011,779.0
DC010,SKU012,3627.430079439264
DC010,SKU013,513.9304815775915
DC010,SKU014,79.0
DC010,SKU015,0.0
DC010,SKU016,0.0
DC010,SKU017,0.0
DC010,SKU018,0.0
DC010,SKU019,443.765520237811
DC010,SKU020,377.5400458069063
DC010,SKU021,286.36722203707484
DC010,SKU022,0.0
DC010,SKU023,144.0
DC010,SKU024,0.0
DC010,SKU025,0.0
DC010,SKU026,0.0
DC010,SKU027,485.61882344720885
DC010,SKU028,0.0
DC010,SKU029,425.0419506569975
DC010,SKU030,1753.181949276631
DC010,SKU031,1584.064887727712
DC010,SKU032,320.0
DC010,SKU033,14199.874548123462
DC010,SKU034,0.0
DC010,SKU035,958.2388082567612
DC010,SKU036,1522.876489348256
DC010,SKU037,3781.875514016189
DC010,SKU038,32586.8389951469
DC010,SKU039,559.5660081736961
DC010,SKU040,5145.721874980992
DC010,SKU041,2319.560427498628
DC010,SKU042,0.0
DC010,SKU043,0.0
DC010,SKU044,17598.883529655017
DC010,SKU045,426.600717232998
DC010,SKU046,661.7241157056894
DC010,SKU047,1359.6923023952104
DC010,SKU048,296.32287806109935
DC010,SKU049,1118.6450076749252
DC010,SKU050,0.0
DC010,SKU051,0.0
DC010,SKU052,560.0
DC010,SKU053,56.82745206226535
DC010,SKU054,1635.634119292712
DC010,SKU055,88.04170491908208
DC010,SKU056,0.0
DC010,SKU057,0.0
DC010,SKU058,319.5832628741176
DC010,SKU059,0.0
DC010,SKU060,0.0
DC010,SKU061,208.0
DC010,SKU062,3508.436465149216
DC010,SKU063,30106.08666661065
DC010,SKU064,9757.533887980611
DC010,SKU065,4870.533141497099
DC010,SKU066,186.67035006314492
DC010,SKU067,174.7641809588943
DC010,SKU068,234.24059636425093
DC010,SKU069,0.0
DC010,SKU070,82.98290850890702
DC010,SKU071,0.0
DC010,SKU072,1484.9102320090085
DC010,SKU073,194.99163212797205
DC010,SKU074,748.1333054616194
DC010,SKU075,645.1974727411308
DC010,SKU076,0.0
DC010,SKU077,572.1342587323076
DC010,SKU078,223.35012508883443
DC010,SKU079,7170.408041912484
DC010,SKU080,0.0
DC010,SKU081,0.0
DC010,SKU082,107.0
DC010,SKU083,4985.472892278562
DC010,SKU084,3097.826582267043
DC010,SKU085,192.7679496788193
DC010,SKU086,100.0
DC010,SKU087,96.0
DC010,SKU088,0.0
DC010,SKU089,0.0
DC010,SKU090,0.0
DC010,SKU091,371.4932154182849
DC010,SKU092,338.7058010001351
DC010,SKU093,0.0
DC010,SKU094,0.0
DC010,SKU095,401.0
DC010,SKU096,150.0
DC010,SKU097,529.6636531202315
DC010,SKU098,186.67866069111167
DC010,SKU099,889.2636361509888
DC010,SKU100,1555.2991779827498
DC010,SKU101,613.4728721674535
DC010,SKU102,160.82924295832618
DC010,SKU103,0.0
DC010,SKU104,757.0
DC011,SKU001,41.99996186888067
DC011,SKU002,0.0
DC011,SKU003,0.0
DC011,SKU004,0.0
DC011,SKU005,0.0
DC011,SKU006,0.0
DC011,SKU007,310.9136368897653
DC011,SKU008,1770.8059110723384
DC011,SKU009,0.0
DC011,SKU010,103.44090731355854
DC011,SKU011,191.0
DC011,SKU012,216.0
DC011,SKU013,155.86339938787629
DC011,SKU014,45.0
DC011,SKU015,0.0
DC011,SKU016,0.0
DC011,SKU017,0.0
DC011,SKU018,0.0
DC011,SKU019,271.8051856577683
DC011,SKU020,127.03200845665964
DC011,SKU021,352.8099849509923
DC011,SKU022,0.0
DC011,SKU023,0.0
DC011,SKU024,0.0
DC011,SKU025,0.0
DC011,SKU026,0.0
DC011,SKU027,0.0
DC011,SKU028,0.0
DC011,SKU029,22.208171982136097
DC011,SKU030,289.83693882688056
DC011,SKU031,562.7749919800262
DC011,SKU032,0.0
DC011,SKU033,4204.0083399526975
DC011,SKU034,0.0
DC011,SKU035,168.87941888421972
DC011,SKU036,103.37010308828437
DC011,SKU037,1195.5058077063472
DC011,SKU038,8440.597113278973
DC011,SKU039,474.1875689859105
DC011,SKU040,1315.387745488497
DC011,SKU041,0.0
DC011,SKU042,0.0
DC011,SKU043,0.0
DC011,SKU044,3769.176521734669
DC011,SKU045,50.42037463963501
DC011,SKU046,607.5862937077534
DC011,SKU047,727.5415200203352
DC011,SKU048,9.258364771897371
DC011,SKU049,535.3192385137173
DC011,SKU050,0.0
DC011,SKU051,0.0
DC011,SKU052,0.0
DC011,SKU053,0.0
DC011,SKU054,436.879757155845
DC011,SKU055,0.0
DC011,SKU056,0.0
DC011,SKU057,0.0
DC011,SKU058,179.81072223182622
DC011,SKU059,0.0
DC011,SKU060,6.0
DC011,SKU061,0.0
DC011,SKU062,605.8970392967375
DC011,SKU063,6769.928553427999
DC011,SKU064,2407.3098631409457
DC011,SKU065,155.15588272483586
DC011,SKU066,122.7944447959798
DC011,SKU067,0.0
DC011,SKU068,131.58754197618504
DC011,SKU069,0.0
DC011,SKU070,14.999968382700464
DC011,SKU071,0.0
DC011,SKU072,314.0106483411079
DC011,SKU073,58.933535604601616
DC011,SKU074,254.25269791278865
DC011,SKU075,2.0
DC011,SKU076,0.0
DC011,SKU077,49.73129513574682
DC011,SKU078,95.33933988036314
DC011,SKU079,1830.989250375549
DC011,SKU080,0.0
DC011,SKU081,0.0
DC011,SKU082,0.0
DC011,SKU083,1062.9403182297028
DC011,SKU084,119.9977854023353
DC011,SKU085,5.449952183682905
DC011,SKU086,0.0
DC011,SKU087,0.0
DC011,SKU088,0.0
DC011,SKU089,0.0
DC011,SKU090,0.0
DC011,SKU091,174.90209117737882
DC011,SKU092,121.0185838348266
DC011,SKU093,0.0
DC011,SKU094,0.0
DC011,SKU095,0.0
DC011,SKU096,0.0
DC011,SKU097,136.0
DC011,SKU098,114.21349006517568
DC011,SKU099,0.0
DC011,SKU100,850.7325313996157
DC011,SKU101,128.86699177042783
DC011,SKU102,0.0
DC011,SKU103,0.0
DC011,SKU104,326.0
DC012,SKU001,0.0
DC012,SKU002,0.0
DC012,SKU003,0.0
DC012,SKU004,0.0
DC012,SKU005,6.0
DC012,SKU006,0.0
DC012,SKU007,769.8464073537303
DC012,SKU008,1676.3283181302538
DC012,SKU009,145.34087562315796
DC012,SKU010,410.2059838520154
DC012,SKU011,362.0
DC012,SKU012,325.8343286758148
DC012,SKU013,205.45932168733543
DC012,SKU014,376.0
DC012,SKU015,70.0
DC012,SKU016,0.0
DC012,SKU017,0.0
DC012,SKU018,0.0
DC012,SKU019,94.96369705581373
DC012,SKU020,277.1400281888654
DC012,SKU021,260.198106863045
DC012,SKU022,0.0
DC012,SKU023,124.0
DC012,SKU024,0.0
DC012,SKU025,0.0
DC012,SKU026,0.0
DC012,SKU027,313.4329983344886
DC012,SKU028,0.0
DC012,SKU029,169.42861817015083
DC012,SKU030,434.526712276115
DC012,SKU031,0.0
DC012,SKU032,0.0
DC012,SKU033,3924.441090538058
DC012,SKU034,0.0
DC012,SKU035,30.75185415547814
DC012,SKU036,466.391770225449
DC012,SKU037,2127.2455945011184
DC012,SKU038,16435.666646025384
DC012,SKU039,101.5069788453803
DC012,SKU040,617.5053179508861
DC012,SKU041,89.2536895473717
DC012,SKU042,0.0
DC012,SKU043,0.0
DC012,SKU044,7348.337739985566
DC012,SKU045,124.11840313299716
DC012,SKU046,348.72107257696524
DC012,SKU047,314.4111297863698
DC012,SKU048,0.0
DC012,SKU049,238.359970169268
DC012,SKU050,297.0
DC012,SKU051,0.0
DC012,SKU052,0.0
DC012,SKU053,0.0
DC012,SKU054,575.518066631571
DC012,SKU055,0.0
DC012,SKU056,0.0
DC012,SKU057,0.0
DC012,SKU058,100.13507027124965
DC012,SKU059,0.0
DC012,SKU060,47.42360943762925
DC012,SKU061,0.0
DC012,SKU062,901.6992550471692
DC012,SKU063,15961.537165803242
DC012,SKU064,3234.237862698534
DC012,SKU065,956.5162796184464
DC012,SKU066,89.3376652155035
DC012,SKU067,30.69904933261425
DC012,SKU068,42.38946705494422
DC012,SKU069,0.0
DC012,SKU070,32.62413441203747
DC012,SKU071,0.0
DC012,SKU072,471.98685303220594
DC012,SKU073,0.0
DC012,SKU074,266.30014984541066
DC012,SKU075,73.63032659623326
DC012,SKU076,0.0
DC012,SKU077,167.99985861001667
DC012,SKU078,0.0
DC012,SKU079,1833.791941774782
DC012,SKU080,0.0
DC012,SKU081,0.0
DC012,SKU082,200.0
DC012,SKU083,966.5804372909148
DC012,SKU084,216.8553870625098
DC012,SKU085,23.81847565830737
DC012,SKU086,0.0
DC012,SKU087,105.0
DC012,SKU088,0.0
DC012,SKU089,0.0
DC012,SKU090,0.0
DC012,SKU091,181.2524388154613
DC012,SKU092,281.27633981170027
DC012,SKU093,0.0
DC012,SKU094,0.0
DC012,SKU095,220.0
DC012,SKU096,193.0
DC012,SKU097,101.39907616390212
DC012,SKU098,86.97722509076405
DC012,SKU099,1577.9380433629549
DC012,SKU100,625.9487673989472
DC012,SKU101,117.2771950543661
DC012,SKU102,0.0
DC012,SKU103,0.0
DC012,SKU104,242.0
DC013,SKU001,0.0
DC013,SKU002,0.0
DC013,SKU003,0.0
DC013,SKU004,0.0
DC013,SKU005,66.0
DC013,SKU006,0.0
DC013,SKU007,483.2193105736188
DC013,SKU008,1853.70091839966
DC013,SKU009,0.0
DC013,SKU010,751.8228790791406
DC013,SKU011,0.0
DC013,SKU012,173.0
DC013,SKU013,212.13201518980523
DC013,SKU014,853.0
DC013,SKU015,0.0
DC013,SKU016,0.0
DC013,SKU017,0.0
DC013,SKU018,0.0
DC013,SKU019,136.0
DC013,SKU020,127.7571353065539
DC013,SKU021,40.15413175413151
DC013,SKU022,0.0
DC013,SKU023,0.0
DC013,SKU024,0.0
DC013,SKU025,0.0
DC013,SKU026,0.0
DC013,SKU027,128.9907685882004
DC013,SKU028,0.0
DC013,SKU029,149.4393182931246
DC013,SKU030,294.6095663052856
DC013,SKU031,116.9296620568976
DC013,SKU032,0.0
DC013,SKU033,8011.37306383613
DC013,SKU034,0.0
DC013,SKU035,64.12239131882767
DC013,SKU036,3144.1144371077894
DC013,SKU037,1899.34126301858
DC013,SKU038,18032.16495870856
DC013,SKU039,81.42607292691167
DC013,SKU040,1527.6683269436792
DC013,SKU041,207.3066227706392
DC013,SKU042,0.0
DC013,SKU043,0.0
DC013,SKU044,2161.126536386781
DC013,SKU045,164.87924762709144
DC013,SKU046,258.25136540562244
DC013,SKU047,1355.645910551515
DC013,SKU048,144.07837495786748
DC013,SKU049,545.5338662748293
DC013,SKU050,0.0
DC013,SKU051,0.0
DC013,SKU052,0.0
DC013,SKU053,0.0
DC013,SKU054,618.2198871886615
DC013,SKU055,161.0615354471085
DC013,SKU056,0.0
DC013,SKU057,0.0
DC013,SKU058,213.5066009451236
DC013,SKU059,0.0
DC013,SKU060,9.362373188619612
DC013,SKU061,0.0
DC013,SKU062,624.9760120645118
DC013,SKU063,7983.524175556906
DC013,SKU064,1869.086550010129
DC013,SKU065,1035.219814591878
DC013,SKU066,195.73673500662372
DC013,SKU067,176.8814903120832
DC013,SKU068,142.51341785605467
DC013,SKU069,0.0
DC013,SKU070,32.96612588749136
DC013,SKU071,3.0
DC013,SKU072,1258.0233171833058
DC013,SKU073,0.0
DC013,SKU074,144.41320304129158
DC013,SKU075,71.50326617544711
DC013,SKU076,0.0
DC013,SKU077,217.3151543452409
DC013,SKU078,72.2174710936296
DC013,SKU079,355.0
DC013,SKU080,0.0
DC013,SKU081,0.0
DC013,SKU082,0.0
DC013,SKU083,1114.2914792726228
DC013,SKU084,443.4531698742197
DC013,SKU085,40.34052308926084
DC013,SKU086,45.0
DC013,SKU087,0.0
DC013,SKU088,0.0
DC013,SKU089,0.0
DC013,SKU090,0.0
DC013,SKU091,118.45035085615248
DC013,SKU092,94.8839115036934
DC013,SKU093,0.0
DC013,SKU094,0.0
DC013,SKU095,194.0
DC013,SKU096,80.0
DC013,SKU097,153.0
DC013,SKU098,60.1523160913936
DC013,SKU099,146.36171533355258
DC013,SKU100,594.2082840391201
DC013,SKU101,156.62366317525073
DC013,SKU102,50.0
DC013,SKU103,0.0
DC013,SKU104,0.0
DC014,SKU001,0.0
DC014,SKU002,0.0
DC014,SKU003,0.0
DC014,SKU004,0.0
DC014,SKU005,0.0
DC014,SKU006,0.0
DC014,SKU007,1229.794676225432
DC014,SKU008,3041.483131327093
DC014,SKU009,0.0
DC014,SKU010,84.0
DC014,SKU011,276.0
DC014,SKU012,0.0
DC014,SKU013,191.34764522527465
DC014,SKU014,176.0
DC014,SKU015,0.0
DC014,SKU016,0.0
DC014,SKU017,0.0
DC014,SKU018,0.0
DC014,SKU019,128.93313525466124
DC014,SKU020,16.180003523608175
DC014,SKU021,141.59975736341266
DC014,SKU022,0.0
DC014,SKU023,0.0
DC014,SKU024,0.0
DC014,SKU025,0.0
DC014,SKU026,0.0
DC014,SKU027,0.0
DC014,SKU028,0.0
DC014,SKU029,126.25542623426632
DC014,SKU030,1297.8131247003146
DC014,SKU031,56.57637172002531
DC014,SKU032,0.0
DC014,SKU033,7679.448966200593
DC014,SKU034,0.0
DC014,SKU035,253.5387164675012
DC014,SKU036,975.904493927607
DC014,SKU037,1093.3699454216708
DC014,SKU038,29381.66643300407
DC014,SKU039,61.98070343645539
DC014,SKU040,2681.2871613170746
DC014,SKU041,20.0
DC014,SKU042,51.999967430133175
DC014,SKU043,0.0
DC014,SKU044,9468.217757271988
DC014,SKU045,46.0
DC014,SKU046,0.0
DC014,SKU047,1060.1407775936605
DC014,SKU048,53.555110639670026
DC014,SKU049,748.992186506707
DC014,SKU050,0.0
DC014,SKU051,0.0
DC014,SKU052,0.0
DC014,SKU053,24.0
DC014,SKU054,838.6686852901884
DC014,SKU055,2.0
DC014,SKU056,0.0
DC014,SKU057,0.0
DC014,SKU058,46.0502234179988
DC014,SKU059,0.0
DC014,SKU060,6.0
DC014,SKU061,0.0
DC014,SKU062,633.8130347167195
DC014,SKU063,16898.997419162868
DC014,SKU064,6883.511161717306
DC014,SKU065,68.0
DC014,SKU066,85.33594135534439
DC014,SKU067,0.0
DC014,SKU068,28.0
DC014,SKU069,0.0
DC014,SKU070,21.0
DC014,SKU071,0.0
DC014,SKU072,716.4696333763711
DC014,SKU073,0.0
DC014,SKU074,386.2513300903177
DC014,SKU075,0.0
DC014,SKU076,0.0
DC014,SKU077,115.57871321788002
DC014,SKU078,0.0
DC014,SKU079,3009.850448039367
DC014,SKU080,0.0
DC014,SKU081,0.0
DC014,SKU082,0.0
DC014,SKU083,2623.454102931794
DC014,SKU084,47.0
DC014,SKU085,49.81042842003572
DC014,SKU086,0.0
DC014,SKU087,0.0
DC014,SKU088,0.0
DC014,SKU089,0.0
DC014,SKU090,0.0
DC014,SKU091,142.9035901219445
DC014,SKU092,13.877839814045732
DC014,SKU093,0.0
DC014,SKU094,0.0
DC014,SKU095,207.0
DC014,SKU096,0.0
DC014,SKU097,245.4834704168277
DC014,SKU098,144.44008011617623
DC014,SKU099,634.8329320317027
DC014,SKU100,583.6496547866859
DC014,SKU101,0.0
DC014,SKU102,0.0
DC014,SKU103,0.0
DC014,SKU104,313.0
DC015,SKU001,304.0
DC015,SKU002,178.0
DC015,SKU003,816.0
DC015,SKU004,0.0
DC015,SKU005,0.0
DC015,SKU006,0.0
DC015,SKU007,694.0580511425952
DC015,SKU008,5172.976939707508
DC015,SKU009,0.0
DC015,SKU010,1673.8937057011972
DC015,SKU011,459.0
DC015,SKU012,367.8014109655871
DC015,SKU013,373.0565962256062
DC015,SKU014,957.0
DC015,SKU015,12.0
DC015,SKU016,1098.0
DC015,SKU017,0.0
DC015,SKU018,0.0
DC015,SKU019,785.6584393368557
DC015,SKU020,471.3800387596899
DC015,SKU021,411.262564824552
DC015,SKU022,0.0
DC015,SKU023,399.0
DC015,SKU024,0.0
DC015,SKU025,0.0
DC015,SKU026,0.0
DC015,SKU027,1672.745266099933
DC015,SKU028,0.0
DC015,SKU029,276.2375753066923
DC015,SKU030,997.0000425454652
DC015,SKU031,82.22236504287164
DC015,SKU032,0.0
DC015,SKU033,11511.860463449302
DC015,SKU034,0.0
DC015,SKU035,370.0335983674306
DC015,SKU036,1873.1495707349925
DC015,SKU037,4064.135131042506
DC015,SKU038,21350.354810791072
DC015,SKU039,283.86609648014047
DC015,SKU040,4347.3156931625645
DC015,SKU041,928.6575885080712
DC015,SKU042,79.0
DC015,SKU043,1040.0
DC015,SKU044,11692.539412760145
DC015,SKU045,217.71448684231103
DC015,SKU046,2899.950171295881
DC015,SKU047,3406.505835646775
DC015,SKU048,43.999398643522255
DC015,SKU049,1079.615168726755
DC015,SKU050,1120.0
DC015,SKU051,0.0
DC015,SKU052,0.0
DC015,SKU053,424.0
DC015,SKU054,675.5189880700551
DC015,SKU055,0.0
DC015,SKU056,0.0
DC015,SKU057,0.0
DC015,SKU058,635.3054288176454
DC015,SKU059,0.0
DC015,SKU060,24.0
DC015,SKU061,0.0
DC015,SKU062,2258.48592180823
DC015,SKU063,33499.39442005257
DC015,SKU064,10459.305006906528
DC015,SKU065,3629.195999660405
DC015,SKU066,385.5148430232844
DC015,SKU067,133.06014448703604
DC015,SKU068,156.84511658426814
DC015,SKU069,0.0
DC015,SKU070,88.76264085979335
DC015,SKU071,17.975797394224
DC015,SKU072,549.9986758179141
DC015,SKU073,53.83770786250231
DC015,SKU074,351.2715053454235
DC015,SKU075,199.19241480330976
DC015,SKU076,0.0
DC015,SKU077,185.0749581534047
DC015,SKU078,220.54408716638693
DC015,SKU079,2183.525418237387
DC015,SKU080,0.0
DC015,SKU081,0.0
DC015,SKU082,662.0
DC015,SKU083,5463.858684165284
DC015,SKU084,1379.2969123274495
DC015,SKU085,45.99871377648378
DC015,SKU086,38.0
DC015,SKU087,64.0
DC015,SKU088,0.0
DC015,SKU089,0.0
DC015,SKU090,0.0
DC015,SKU091,1220.7631948697972
DC015,SKU092,12.839886125728055
DC015,SKU093,0.0
DC015,SKU094,0.0
DC015,SKU095,683.0
DC015,SKU096,720.0
DC015,SKU097,366.65272450161297
DC015,SKU098,550.375076316798
DC015,SKU099,742.8983530654552
DC015,SKU100,2268.737036821992
DC015,SKU101,395.9465338703813
DC015,SKU102,50.0
DC015,SKU103,0.0
DC015,SKU104,262.0
DC016,SKU001,118.0
DC016,SKU002,24.0
DC016,SKU003,0.0
DC016,SKU004,0.0
DC016,SKU005,0.0
DC016,SKU006,0.0
DC016,SKU007,294.2325634269336
DC016,SKU008,1890.3615691659184
DC016,SKU009,180.0
DC016,SKU010,1074.7784782653073
DC016,SKU011,388.0
DC016,SKU012,160.0
DC016,SKU013,229.0842139836093
DC016,SKU014,190.0
DC016,SKU015,0.0
DC016,SKU016,0.0
DC016,SKU017,0.0
DC016,SKU018,0.0
DC016,SKU019,152.74274929113184
DC016,SKU020,136.63999295278364
DC016,SKU021,15.81698447617874
DC016,SKU022,0.0
DC016,SKU023,0.0
DC016,SKU024,0.0
DC016,SKU025,0.0
DC016,SKU026,0.0
DC016,SKU027,108.51686579922328
DC016,SKU028,0.0
DC016,SKU029,174.09850755309438
DC016,SKU030,938.0909480837508
DC016,SKU031,44.9330689415351
DC016,SKU032,0.0
DC016,SKU033,3400.003406422826
DC016,SKU034,0.0
DC016,SKU035,279.318841562444
DC016,SKU036,713.0524992384459
DC016,SKU037,1069.315054675592
DC016,SKU038,10145.360219712553
DC016,SKU039,151.80930142940912
DC016,SKU040,1271.5751545440298
DC016,SKU041,223.786937032728
DC016,SKU042,587.627932254053
DC016,SKU043,0.0
DC016,SKU044,5519.96485791997
DC016,SKU045,182.30006304203707
DC016,SKU046,666.9718898430534
DC016,SKU047,389.4121764556774
DC016,SKU048,0.0
DC016,SKU049,320.24835998481194
DC016,SKU050,0.0
DC016,SKU051,0.0
DC016,SKU052,0.0
DC016,SKU053,0.0
DC016,SKU054,189.8802908544837
DC016,SKU055,0.0
DC016,SKU056,0.0
DC016,SKU057,0.0
DC016,SKU058,164.47383584035154
DC016,SKU059,0.0
DC016,SKU060,48.0
DC016,SKU061,0.0
DC016,SKU062,1087.7192131179766
DC016,SKU063,8379.687982396244
DC016,SKU064,2679.64739325392
DC016,SKU065,695.7242429953036
DC016,SKU066,150.64064849763625
DC016,SKU067,41.0
DC016,SKU068,65.75890197652983
DC016,SKU069,0.0
DC016,SKU070,9.337263912728895
DC016,SKU071,0.0
DC016,SKU072,652.45260780905
DC016,SKU073,28.999818143271323
DC016,SKU074,247.07416290801413
DC016,SKU075,102.0
DC016,SKU076,0.0
DC016,SKU077,78.19754050632166
DC016,SKU078,37.520140055409954
DC016,SKU079,3683.215924660739
DC016,SKU080,0.0
DC016,SKU081,0.0
DC016,SKU082,0.0
DC016,SKU083,1392.3933494253515
DC016,SKU084,433.511607915168
DC016,SKU085,35.52204743095347
DC016,SKU086,32.0
DC016,SKU087,0.0
DC016,SKU088,0.0
DC016,SKU089,0.0
DC016,SKU090,0.0
DC016,SKU091,137.76915749302583
DC016,SKU092,3.1316290213740885
DC016,SKU093,0.0
DC016,SKU094,0.0
DC016,SKU095,247.0
DC016,SKU096,640.0
DC016,SKU097,230.6546520816028
DC016,SKU098,197.94290012722743
DC016,SKU099,502.6658456369472
DC016,SKU100,373.8023251898963
DC016,SKU101,143.17841915347014
DC016,SKU102,36.84854406309747
DC016,SKU103,0.0
DC016,SKU104,282.0
DC017,SKU001,0.0
DC017,SKU002,0.0
DC017,SKU003,168.0
DC017,SKU004,0.0
DC017,SKU005,0.0
DC017,SKU006,0.0
DC017,SKU007,288.3979590070729
DC017,SKU008,2069.75771653992
DC017,SKU009,0.0
DC017,SKU010,315.17416913147514
DC017,SKU011,412.0
DC017,SKU012,340.0
DC017,SKU013,551.0604013114583
DC017,SKU014,244.0
DC017,SKU015,0.0
DC017,SKU016,352.0
DC017,SKU017,0.0
DC017,SKU018,0.0
DC017,SKU019,374.49283561949113
DC017,SKU020,257.0
DC017,SKU021,0.0
DC017,SKU022,0.0
DC017,SKU023,0.0
DC017,SKU024,0.0
DC017,SKU025,0.0
DC017,SKU026,0.0
DC017,SKU027,278.90985568485814
DC017,SKU028,0.0
DC017,SKU029,94.12709675147404
DC017,SKU030,258.53759716247964
DC017,SKU031,62.95056618581291
DC017,SKU032,0.0
DC017,SKU033,8452.017087065833
DC017,SKU034,0.0
DC017,SKU035,302.7246396930038
DC017,SKU036,855.7481592955569
DC017,SKU037,2841.138057246156
DC017,SKU038,19299.124280948767
DC017,SKU039,85.72534217356781
DC017,SKU040,1408.547827006104
DC017,SKU041,302.5625089610134
DC017,SKU042,110.80941401490728
DC017,SKU043,0.0
DC017,SKU044,5810.675585153646
DC017,SKU045,4.95907057989022
DC017,SKU046,0.0
DC017,SKU047,1321.5259737060658
DC017,SKU048,69.95969175174764
DC017,SKU049,354.0623896722902
DC017,SKU050,0.0
DC017,SKU051,0.0
DC017,SKU052,0.0
DC017,SKU053,160.18818412455957
DC017,SKU054,849.3589906936979
DC017,SKU055,1.9999999879034465
DC017,SKU056,0.0
DC017,SKU057,0.0
DC017,SKU058,182.41240663953656
DC017,SKU059,0.0
DC017,SKU060,12.684678498246036
DC017,SKU061,0.0
DC017,SKU062,1188.2950263166526
DC017,SKU063,13494.820192320003
DC017,SKU064,3979.628743525936
DC017,SKU065,1040.4508061618506
DC017,SKU066,271.1184376312043
DC017,SKU067,0.0
DC017,SKU068,88.03145443048311
DC017,SKU069,0.0
DC017,SKU070,28.84032297862349
DC017,SKU071,0.0
DC017,SKU072,391.98098020360055
DC017,SKU073,0.0
DC017,SKU074,101.23202071364284
DC017,SKU075,280.18994376032947
DC017,SKU076,0.0
DC017,SKU077,23.539378668867258
DC017,SKU078,34.395749211086574
DC017,SKU079,646.5803541406132
DC017,SKU080,0.0
DC017,SKU081,0.0
DC017,SKU082,489.0
DC017,SKU083,2283.24946951876
DC017,SKU084,250.779694097344
DC017,SKU085,41.50338050737772
DC017,SKU086,12.0
DC017,SKU087,0.0
DC017,SKU088,0.0
DC017,SKU089,0.0
DC017,SKU090,0.0
DC017,SKU091,96.32100005308662
DC017,SKU092,0.0
DC017,SKU093,0.0
DC017,SKU094,0.0
DC017,SKU095,194.0
DC017,SKU096,0.0
DC017,SKU097,215.0
DC017,SKU098,220.19959308827404
DC017,SKU099,1711.3130991911892
DC017,SKU100,887.2784245434201
DC017,SKU101,129.9459488735246
DC017,SKU102,149.06161988190266
DC017,SKU103,0.0
DC017,SKU104,374.0
DC018,SKU001,0.0
DC018,SKU002,43.0
DC018,SKU003,72.0
DC018,SKU004,0.0
DC018,SKU005,63.0
DC018,SKU006,0.0
DC018,SKU007,1435.810184568174
DC018,SKU008,3106.0485205804616
DC018,SKU009,0.0
DC018,SKU010,1260.5584573700378
DC018,SKU011,223.0
DC018,SKU012,183.06716692134748
DC018,SKU013,286.85695048545034
DC018,SKU014,192.0
DC018,SKU015,0.0
DC018,SKU016,208.0
DC018,SKU017,0.0
DC018,SKU018,0.0
DC018,SKU019,136.22654461949645
DC018,SKU020,109.65998942917548
DC018,SKU021,362.9191875306024
DC018,SKU022,0.0
DC018,SKU023,0.0
DC018,SKU024,0.0
DC018,SKU025,0.0
DC018,SKU026,0.0
DC018,SKU027,0.0
DC018,SKU028,0.0
DC018,SKU029,142.29279745558577
DC018,SKU030,302.5986854932935
DC018,SKU031,123.18173155307154
DC018,SKU032,0.0
DC018,SKU033,11024.118137184872
DC018,SKU034,0.0
DC018,SKU035,91.2965082698435
DC018,SKU036,676.6979901689187
DC018,SKU037,2633.1595285963263
DC018,SKU038,40255.99840792617
DC018,SKU039,142.8539038254343
DC018,SKU040,1444.5613665601152
DC018,SKU041,450.34744208958887
DC018,SKU042,152.41524804173812
DC018,SKU043,0.0
DC018,SKU044,4382.157367571142
DC018,SKU045,43.240680059336185
DC018,SKU046,778.8960717294875
DC018,SKU047,938.0607045459084
DC018,SKU048,270.1336525590416
DC018,SKU049,621.4373039083627
DC018,SKU050,0.0
DC018,SKU051,0.0
DC018,SKU052,0.0
DC018,SKU053,83.0
DC018,SKU054,433.1919143817144
DC018,SKU055,144.57899856731896
DC018,SKU056,0.0
DC018,SKU057,0.0
DC018,SKU058,197.81898403780724
DC018,SKU059,0.0
DC018,SKU060,15.574393792455949
DC018,SKU061,0.0
DC018,SKU062,562.5596974223793
DC018,SKU063,35835.9890304143
DC018,SKU064,7143.56682596205
DC018,SKU065,1720.4761553226404
DC018,SKU066,164.77109348014574
DC018,SKU067,20.0
DC018,SKU068,79.74882125044412
DC018,SKU069,0.0
DC018,SKU070,16.90423999470331
DC018,SKU071,0.0
DC018,SKU072,93.73094793484694
DC018,SKU073,0.0
DC018,SKU074,82.93557563848981
DC018,SKU075,76.08773620532206
DC018,SKU076,0.0
DC018,SKU077,50.935915666903526
DC018,SKU078,84.91655619157021
DC018,SKU079,0.0
DC018,SKU080,0.0
DC018,SKU081,0.0
DC018,SKU082,118.0
DC018,SKU083,2549.018072979949
DC018,SKU084,658.012464166766
DC018,SKU085,4.404571098259749
DC018,SKU086,46.0
DC018,SKU087,20.0
DC018,SKU088,0.0
DC018,SKU089,0.0
DC018,SKU090,0.0
DC018,SKU091,172.17508034293607
DC018,SKU092,31.362976612885618
DC018,SKU093,0.0
DC018,SKU094,0.0
DC018,SKU095,50.0
DC018,SKU096,367.0
DC018,SKU097,0.0
DC018,SKU098,119.91590219424069
DC018,SKU099,629.6295487936549
DC018,SKU100,1110.4287294412525
DC018,SKU101,128.46442635675217
DC018,SKU102,5.0
DC018,SKU103,0.0
DC018,SKU104,40.0
