dc_id,sku_id,target_doi
DC001,SKU001,3.0
DC001,SKU002,3.0
DC001,SKU003,3.0
DC001,SKU004,3.0
DC001,SKU005,3.0
DC001,SKU006,3.0
DC001,SKU007,3.0
DC001,SKU008,4.724983916572366
DC001,SKU009,3.0
DC001,SKU010,3.0
DC001,SKU011,3.0
DC001,SKU012,3.0
DC001,SKU013,5.2089760014626325
DC001,SKU014,3.0
DC001,SKU015,3.0
DC001,SKU016,3.0
DC001,SKU017,3.0
DC001,SKU018,3.0
DC001,SKU019,6.507218296032487
DC001,SKU020,3.0
DC001,SKU021,14.228362820651192
DC001,SKU022,3.0
DC001,SKU023,3.0
DC001,SKU024,3.0
DC001,SKU025,3.0
DC001,SKU026,3.0
DC001,SKU027,3.0
DC001,SKU028,3.0
DC001,SKU029,6.4753022025962
DC001,SKU030,4.799783180274381
DC001,SKU031,3.0
DC001,SKU032,3.0
DC001,SKU033,33.18207401775939
DC001,SKU034,3.0
DC001,SKU035,3.2081872135330505
DC001,SKU036,3.778504103748797
DC001,SKU037,4.009402578059539
DC001,SKU038,3.482956447225088
DC001,SKU039,16.0563707650087
DC001,SKU040,3.8587766823789424
DC001,SKU041,3.0
DC001,SKU042,3.0
DC001,SKU043,3.0
DC001,SKU044,4.271167900445051
DC001,SKU045,3.0
DC001,SKU046,3.0
DC001,SKU047,3.7418086316033112
DC001,SKU048,3.0
DC001,SKU049,4.939459704251903
DC001,SKU050,3.0
DC001,SKU051,9.401384889970302
DC001,SKU052,3.0
DC001,SKU053,5.216082291614631
DC001,SKU054,3.663391357900229
DC001,SKU055,3.0
DC001,SKU056,3.0
DC001,SKU057,3.0
DC001,SKU058,10.070307301447563
DC001,SKU059,3.0
DC001,SKU060,3.0
DC001,SKU061,3.0
DC001,SKU062,3.9502879756963183
DC001,SKU063,3.971626094479442
DC001,SKU064,3.515499083876258
DC001,SKU065,3.0
DC001,SKU066,7.816562959352588
DC001,SKU067,3.0
DC001,SKU068,3.1908128092622987
DC001,SKU069,3.0
DC001,SKU070,3.0
DC001,SKU071,3.0
DC001,SKU072,7.074505832546701
DC001,SKU073,4.208747315126527
DC001,SKU074,4.20039226540748
DC001,SKU075,3.0
DC001,SKU076,8.282738447189992
DC001,SKU077,3.0
DC001,SKU078,8.631097266360348
DC001,SKU079,4.132316987851209
DC001,SKU080,3.0
DC001,SKU081,3.0
DC001,SKU082,3.0
DC001,SKU083,3.9160487921748746
DC001,SKU084,3.0
DC001,SKU085,4.42916079266571
DC001,SKU086,3.0
DC001,SKU087,3.0
DC001,SKU088,3.0
DC001,SKU089,3.0
DC001,SKU090,3.0
DC001,SKU091,3.0
DC001,SKU092,3.0
DC001,SKU093,3.0
DC001,SKU094,3.0
DC001,SKU095,3.0
DC001,SKU096,3.0
DC001,SKU097,5.450784444959646
DC001,SKU098,3.046972215811733
DC001,SKU099,6.541340706865717
DC001,SKU100,4.837635858438875
DC001,SKU101,3.0
DC001,SKU102,3.0
DC001,SKU103,3.0
DC001,SKU104,3.0
DC002,SKU001,3.0
DC002,SKU002,3.0
DC002,SKU003,3.0
DC002,SKU004,3.0
DC002,SKU005,3.0
DC002,SKU006,3.0
DC002,SKU007,5.5885495748899645
DC002,SKU008,3.4680669243243214
DC002,SKU009,3.0
DC002,SKU010,4.8525220424743285
DC002,SKU011,3.0
DC002,SKU012,3.8757644777311233
DC002,SKU013,5.605782980576633
DC002,SKU014,3.0
DC002,SKU015,3.0
DC002,SKU016,3.0
DC002,SKU017,3.0
DC002,SKU018,3.0
DC002,SKU019,4.742513273953047
DC002,SKU020,3.0
DC002,SKU021,3.8553165853862175
DC002,SKU022,3.0
DC002,SKU023,3.0
DC002,SKU024,3.0
DC002,SKU025,3.0
DC002,SKU026,3.0
DC002,SKU027,2.742908965258726
DC002,SKU028,3.0
DC002,SKU029,8.769802985854895
DC002,SKU030,4.5780994265494295
DC002,SKU031,9.702465433388038
DC002,SKU032,3.0
DC002,SKU033,15.398742641195142
DC002,SKU034,3.0
DC002,SKU035,11.983178689280209
DC002,SKU036,5.154012229035763
DC002,SKU037,3.422146988339464
DC002,SKU038,3.207062037937177
DC002,SKU039,4.778598461050274
DC002,SKU040,3.0820318453227875
DC002,SKU041,4.198076384387762
DC002,SKU042,3.0
DC002,SKU043,3.0
DC002,SKU044,3.9771411594875454
DC002,SKU045,5.755047269027797
DC002,SKU046,20.700434136102807
DC002,SKU047,3.960186887917255
DC002,SKU048,3.0
DC002,SKU049,5.029990444711656
DC002,SKU050,3.0
DC002,SKU051,14.06144866138989
DC002,SKU052,3.0
DC002,SKU053,4.741948363274122
DC002,SKU054,7.903651373676473
DC002,SKU055,3.0
DC002,SKU056,3.0
DC002,SKU057,3.0
DC002,SKU058,3.73736786599408
DC002,SKU059,3.0
DC002,SKU060,25.92742357742992
DC002,SKU061,3.0
DC002,SKU062,3.478476734910245
DC002,SKU063,3.3102479957604096
DC002,SKU064,3.071819757033241
DC002,SKU065,3.174827877748488
DC002,SKU066,4.762475849778563
DC002,SKU067,2.5117695745429858
DC002,SKU068,8.032386657294094
DC002,SKU069,3.0
DC002,SKU070,14.861489737460252
DC002,SKU071,3.0
DC002,SKU072,4.921149929961961
DC002,SKU073,2.9033753346364586
DC002,SKU074,4.856761918346192
DC002,SKU075,6.870236894605303
DC002,SKU076,7.814192007473386
DC002,SKU077,3.0
DC002,SKU078,16.478685983194065
DC002,SKU079,3.3334468360153733
DC002,SKU080,3.0
DC002,SKU081,3.0
DC002,SKU082,3.0
DC002,SKU083,3.103325093808093
DC002,SKU084,3.211923758569081
DC002,SKU085,4.973811976282281
DC002,SKU086,3.0
DC002,SKU087,3.0
DC002,SKU088,3.0
DC002,SKU089,3.0
DC002,SKU090,3.0
DC002,SKU091,3.0
DC002,SKU092,3.0
DC002,SKU093,3.0
DC002,SKU094,3.0
DC002,SKU095,3.0
DC002,SKU096,3.0
DC002,SKU097,7.220455539955541
DC002,SKU098,4.561951254941537
DC002,SKU099,3.834037392068359
DC002,SKU100,5.5841200589620925
DC002,SKU101,4.660817802265913
DC002,SKU102,6.6181147164970975
DC002,SKU103,3.0
DC002,SKU104,3.0
DC003,SKU001,3.0
DC003,SKU002,3.0
DC003,SKU003,3.0
DC003,SKU004,3.0
DC003,SKU005,3.0
DC003,SKU006,3.0
DC003,SKU007,76.60724283269
DC003,SKU008,4.815107279404831
DC003,SKU009,3.0
DC003,SKU010,7.445856999283004
DC003,SKU011,3.0
DC003,SKU012,9.508969772016195
DC003,SKU013,5.820547054037489
DC003,SKU014,3.0
DC003,SKU015,3.0
DC003,SKU016,3.0
DC003,SKU017,3.0
DC003,SKU018,3.0
DC003,SKU019,8.136175178703912
DC003,SKU020,3.0
DC003,SKU021,15.672848918901067
DC003,SKU022,3.0
DC003,SKU023,3.0
DC003,SKU024,3.0
DC003,SKU025,3.0
DC003,SKU026,3.0
DC003,SKU027,4.122752264555789
DC003,SKU028,3.0
DC003,SKU029,3.0
DC003,SKU030,4.449858316640749
DC003,SKU031,3.0
DC003,SKU032,3.0
DC003,SKU033,27.90378906877948
DC003,SKU034,3.0
DC003,SKU035,6.343200711407165
DC003,SKU036,4.161368151921454
DC003,SKU037,4.781860019290474
DC003,SKU038,4.0060991623231335
DC003,SKU039,3.197612514687516
DC003,SKU040,3.518023074923358
DC003,SKU041,4.415313718160981
DC003,SKU042,3.0
DC003,SKU043,3.0
DC003,SKU044,3.33121717558699
DC003,SKU045,8.069437854720213
DC003,SKU046,2.928018928928421
DC003,SKU047,5.577834851597999
DC003,SKU048,3.0
DC003,SKU049,4.66321183673274
DC003,SKU050,3.0
DC003,SKU051,3.0
DC003,SKU052,3.0
DC003,SKU053,3.0
DC003,SKU054,11.635560416012604
DC003,SKU055,3.0
DC003,SKU056,3.0
DC003,SKU057,3.0
DC003,SKU058,3.560141236413655
DC003,SKU059,3.0
DC003,SKU060,7.969484568030556
DC003,SKU061,3.0
DC003,SKU062,4.0309520318515615
DC003,SKU063,4.479727918872764
DC003,SKU064,3.282757726300745
DC003,SKU065,4.536644794327227
DC003,SKU066,28.2677014337606
DC003,SKU067,3.0
DC003,SKU068,3.0
DC003,SKU069,3.0
DC003,SKU070,3.0
DC003,SKU071,3.0
DC003,SKU072,4.674013761104513
DC003,SKU073,3.0
DC003,SKU074,5.343416125174333
DC003,SKU075,5.603975633125851
DC003,SKU076,13.186599039025545
DC003,SKU077,3.0
DC003,SKU078,3.0
DC003,SKU079,4.308065881467307
DC003,SKU080,3.0
DC003,SKU081,3.0
DC003,SKU082,3.0
DC003,SKU083,3.547456758485627
DC003,SKU084,4.746087808751525
DC003,SKU085,5.478519058419887
DC003,SKU086,3.0
DC003,SKU087,3.685523871291475
DC003,SKU088,3.0
DC003,SKU089,3.0
DC003,SKU090,3.0
DC003,SKU091,3.0
DC003,SKU092,3.0
DC003,SKU093,3.0
DC003,SKU094,3.0
DC003,SKU095,3.0
DC003,SKU096,3.0
DC003,SKU097,17.445661415051998
DC003,SKU098,2.597570507812183
DC003,SKU099,5.834184378571889
DC003,SKU100,4.340338378787145
DC003,SKU101,6.522606198126303
DC003,SKU102,2.6595695969810773
DC003,SKU103,3.0
DC003,SKU104,3.0
DC004,SKU001,3.0
DC004,SKU002,3.0
DC004,SKU003,3.0
DC004,SKU004,3.0
DC004,SKU005,3.0
DC004,SKU006,3.0
DC004,SKU007,8.49796484062914
DC004,SKU008,6.680618629584544
DC004,SKU009,3.0
DC004,SKU010,3.0
DC004,SKU011,3.0
DC004,SKU012,3.0
DC004,SKU013,4.363657399834292
DC004,SKU014,3.0
DC004,SKU015,3.0
DC004,SKU016,3.0
DC004,SKU017,3.0
DC004,SKU018,3.0
DC004,SKU019,4.4269533568318025
DC004,SKU020,3.0
DC004,SKU021,3.878557793034264
DC004,SKU022,3.0
DC004,SKU023,3.0
DC004,SKU024,3.0
DC004,SKU025,3.0
DC004,SKU026,3.0
DC004,SKU027,3.0
DC004,SKU028,3.0
DC004,SKU029,4.375146640105111
DC004,SKU030,3.68043514845354
DC004,SKU031,3.0961790293979017
DC004,SKU032,3.0
DC004,SKU033,13.100161377367034
DC004,SKU034,3.0
DC004,SKU035,6.781927271775647
DC004,SKU036,5.78593904750589
DC004,SKU037,3.3138193669382594
DC004,SKU038,3.0486857537279417
DC004,SKU039,19.51616664739253
DC004,SKU040,3.9816459981117234
DC004,SKU041,5.138987286360366
DC004,SKU042,2.8722008676585555
DC004,SKU043,3.0
DC004,SKU044,4.222126932709975
DC004,SKU045,3.0
DC004,SKU046,3.0
DC004,SKU047,3.7873046514586384
DC004,SKU048,2.176714352188283
DC004,SKU049,4.235336894886849
DC004,SKU050,3.0
DC004,SKU051,8.710632679615193
DC004,SKU052,3.0
DC004,SKU053,2.27642853923956
DC004,SKU054,4.030090005504086
DC004,SKU055,3.0
DC004,SKU056,3.0
DC004,SKU057,3.0
DC004,SKU058,9.82830627834208
DC004,SKU059,3.0
DC004,SKU060,3.0
DC004,SKU061,3.0
DC004,SKU062,5.889898338052846
DC004,SKU063,3.412043712417224
DC004,SKU064,3.501820406018904
DC004,SKU065,4.430475344588129
DC004,SKU066,6.059207782527825
DC004,SKU067,3.0
DC004,SKU068,3.236738714104314
DC004,SKU069,3.0
DC004,SKU070,5.621507705960499
DC004,SKU071,14.310628632193616
DC004,SKU072,6.95880058009663
DC004,SKU073,3.6822888089270633
DC004,SKU074,2.7347397492351435
DC004,SKU075,3.0
DC004,SKU076,4.645094395215778
DC004,SKU077,3.0
DC004,SKU078,3.0
DC004,SKU079,4.296027227141122
DC004,SKU080,3.0
DC004,SKU081,3.0
DC004,SKU082,3.0
DC004,SKU083,3.821296294794117
DC004,SKU084,3.0
DC004,SKU085,3.7860629031779474
DC004,SKU086,3.0
DC004,SKU087,3.0
DC004,SKU088,3.0
DC004,SKU089,3.0
DC004,SKU090,3.0
DC004,SKU091,3.0
DC004,SKU092,3.0
DC004,SKU093,3.0
DC004,SKU094,3.0
DC004,SKU095,3.0
DC004,SKU096,3.0
DC004,SKU097,6.203051675642068
DC004,SKU098,7.027738726813053
DC004,SKU099,4.762004406639878
DC004,SKU100,5.667133005265725
DC004,SKU101,3.0
DC004,SKU102,3.0
DC004,SKU103,3.0
DC004,SKU104,3.0
DC005,SKU001,3.0
DC005,SKU002,3.0
DC005,SKU003,3.0
DC005,SKU004,3.0
DC005,SKU005,3.0
DC005,SKU006,3.0
DC005,SKU007,21.487924406570983
DC005,SKU008,6.151311859776074
DC005,SKU009,3.0
DC005,SKU010,3.779064341918797
DC005,SKU011,3.0
DC005,SKU012,6.727977456626492
DC005,SKU013,4.778093924197713
DC005,SKU014,3.0
DC005,SKU015,3.0
DC005,SKU016,3.0
DC005,SKU017,3.0
DC005,SKU018,3.0
DC005,SKU019,6.07636015352127
DC005,SKU020,3.0
DC005,SKU021,9.390418150415448
DC005,SKU022,3.0
DC005,SKU023,3.0
DC005,SKU024,3.0
DC005,SKU025,3.0
DC005,SKU026,3.0
DC005,SKU027,36.66381587419271
DC005,SKU028,3.0
DC005,SKU029,6.790199912662464
DC005,SKU030,5.363509757620492
DC005,SKU031,3.0
DC005,SKU032,3.0
DC005,SKU033,19.64564115311424
DC005,SKU034,3.0
DC005,SKU035,6.148756595564017
DC005,SKU036,3.241108430738345
DC005,SKU037,3.4745292031355577
DC005,SKU038,2.952937281678892
DC005,SKU039,10.133034367761956
DC005,SKU040,3.863829766148019
DC005,SKU041,4.735293472354635
DC005,SKU042,3.0
DC005,SKU043,3.0
DC005,SKU044,3.611407827869762
DC005,SKU045,3.0
DC005,SKU046,16.382287621114504
DC005,SKU047,4.371331957247899
DC005,SKU048,3.0
DC005,SKU049,4.257875226079511
DC005,SKU050,3.0
DC005,SKU051,9.26653374785372
DC005,SKU052,3.0
DC005,SKU053,2.5233573514295142
DC005,SKU054,5.708330393989423
DC005,SKU055,3.0
DC005,SKU056,3.0
DC005,SKU057,3.0
DC005,SKU058,8.378664531174033
DC005,SKU059,3.0
DC005,SKU060,3.807937980689829
DC005,SKU061,3.0
DC005,SKU062,4.1071129298053695
DC005,SKU063,4.078813083548413
DC005,SKU064,2.9545183270547217
DC005,SKU065,3.502670547302528
DC005,SKU066,8.2181334706844
DC005,SKU067,3.0
DC005,SKU068,34.16180811441943
DC005,SKU069,3.0
DC005,SKU070,5.641379893756446
DC005,SKU071,3.0
DC005,SKU072,5.144545316889048
DC005,SKU073,3.0
DC005,SKU074,5.002318027353722
DC005,SKU075,3.0
DC005,SKU076,6.545935751269687
DC005,SKU077,3.0
DC005,SKU078,3.0
DC005,SKU079,3.380720117152108
DC005,SKU080,3.0
DC005,SKU081,3.0
DC005,SKU082,3.0
DC005,SKU083,3.4700825022325805
DC005,SKU084,4.900482156556617
DC005,SKU085,4.075291079880066
DC005,SKU086,3.0
DC005,SKU087,3.0
DC005,SKU088,3.0
DC005,SKU089,3.0
DC005,SKU090,3.0
DC005,SKU091,3.0
DC005,SKU092,3.0
DC005,SKU093,3.0
DC005,SKU094,3.0
DC005,SKU095,3.0
DC005,SKU096,3.0
DC005,SKU097,11.194573001798206
DC005,SKU098,3.930457612495005
DC005,SKU099,6.350849467317036
DC005,SKU100,3.985360183644992
DC005,SKU101,16.112995959346485
DC005,SKU102,3.8399779450269698
DC005,SKU103,3.0
DC005,SKU104,3.0
DC006,SKU001,3.0
DC006,SKU002,3.0
DC006,SKU003,3.0
DC006,SKU004,3.0
DC006,SKU005,3.0
DC006,SKU006,3.0
DC006,SKU007,7.1056881770171305
DC006,SKU008,3.2882388666513744
DC006,SKU009,3.0
DC006,SKU010,4.533075037603837
DC006,SKU011,3.0
DC006,SKU012,7.571432877779671
DC006,SKU013,5.247641758251214
DC006,SKU014,3.0
DC006,SKU015,3.0
DC006,SKU016,3.0
DC006,SKU017,3.0
DC006,SKU018,3.0
DC006,SKU019,4.388538863511967
DC006,SKU020,3.0
DC006,SKU021,4.299821111115295
DC006,SKU022,3.0
DC006,SKU023,3.0
DC006,SKU024,3.0
DC006,SKU025,3.0
DC006,SKU026,3.0
DC006,SKU027,2.760221612025423
DC006,SKU028,3.0
DC006,SKU029,5.015947357798031
DC006,SKU030,4.362053360025072
DC006,SKU031,7.878277666462386
DC006,SKU032,3.0
DC006,SKU033,19.864236709260403
DC006,SKU034,3.0
DC006,SKU035,7.455171481230197
DC006,SKU036,4.40099142465443
DC006,SKU037,3.605009830075218
DC006,SKU038,3.244592909117666
DC006,SKU039,7.800299963372242
DC006,SKU040,3.160403971131421
DC006,SKU041,4.520605911612552
DC006,SKU042,3.0
DC006,SKU043,3.0
DC006,SKU044,3.4634956556604672
DC006,SKU045,3.550774265850434
DC006,SKU046,4.654770280892632
DC006,SKU047,4.165827981589807
DC006,SKU048,3.0
DC006,SKU049,3.950422867839566
DC006,SKU050,3.0
DC006,SKU051,5.499836053210346
DC006,SKU052,3.0
DC006,SKU053,4.659029005343753
DC006,SKU054,5.30703944041555
DC006,SKU055,3.0
DC006,SKU056,3.0
DC006,SKU057,3.0
DC006,SKU058,5.381188318972485
DC006,SKU059,3.0
DC006,SKU060,3.0
DC006,SKU061,3.0
DC006,SKU062,2.934811483494116
DC006,SKU063,3.390985621001797
DC006,SKU064,3.003667240616448
DC006,SKU065,3.524768920738844
DC006,SKU066,9.424497926934563
DC006,SKU067,4.202331934577048
DC006,SKU068,6.572758134457252
DC006,SKU069,3.0
DC006,SKU070,10.235892626754902
DC006,SKU071,3.0
DC006,SKU072,5.052956121995634
DC006,SKU073,10.381691065382435
DC006,SKU074,4.964038636973758
DC006,SKU075,63.29722391184091
DC006,SKU076,16.355967064561593
DC006,SKU077,3.0
DC006,SKU078,5.041135245975887
DC006,SKU079,4.071157041245971
DC006,SKU080,3.0
DC006,SKU081,3.0
DC006,SKU082,3.0
DC006,SKU083,3.324867442367191
DC006,SKU084,3.957196925043779
DC006,SKU085,4.942542334645617
DC006,SKU086,3.0
DC006,SKU087,3.0
DC006,SKU088,3.0
DC006,SKU089,3.0
DC006,SKU090,3.0
DC006,SKU091,2.557940349277001
DC006,SKU092,3.0
DC006,SKU093,3.0
DC006,SKU094,3.0
DC006,SKU095,3.0
DC006,SKU096,3.0
DC006,SKU097,7.827145434508101
DC006,SKU098,2.5420869314025323
DC006,SKU099,3.7872343958226495
DC006,SKU100,4.10038427358544
DC006,SKU101,5.284186115733518
DC006,SKU102,3.0
DC006,SKU103,3.0
DC006,SKU104,3.0
DC007,SKU001,3.0
DC007,SKU002,3.0
DC007,SKU003,3.0
DC007,SKU004,3.0
DC007,SKU005,3.0
DC007,SKU006,3.0
DC007,SKU007,164.95397960470498
DC007,SKU008,5.5323837976160615
DC007,SKU009,3.0
DC007,SKU010,8.980733303237598
DC007,SKU011,3.0
DC007,SKU012,6.354481981277573
DC007,SKU013,5.717360374701932
DC007,SKU014,3.0
DC007,SKU015,3.0
DC007,SKU016,3.0
DC007,SKU017,3.0
DC007,SKU018,3.0
DC007,SKU019,6.449537309881712
DC007,SKU020,3.0
DC007,SKU021,3.403358557785534
DC007,SKU022,3.0
DC007,SKU023,3.0
DC007,SKU024,3.0
DC007,SKU025,3.0
DC007,SKU026,3.0
DC007,SKU027,3.0
DC007,SKU028,3.0
DC007,SKU029,9.368089412312065
DC007,SKU030,4.292634372411972
DC007,SKU031,5.734589631410513
DC007,SKU032,3.0
DC007,SKU033,6.441421933105933
DC007,SKU034,3.0
DC007,SKU035,2.9950912025476857
DC007,SKU036,4.8019258964741285
DC007,SKU037,3.823157582838301
DC007,SKU038,3.724211966979822
DC007,SKU039,3.0
DC007,SKU040,4.269889365630466
DC007,SKU041,15.171623593806473
DC007,SKU042,3.0
DC007,SKU043,3.0
DC007,SKU044,3.829247280459125
DC007,SKU045,3.1250753365196715
DC007,SKU046,3.0
DC007,SKU047,5.540671463665528
DC007,SKU048,3.0
DC007,SKU049,5.361873455666336
DC007,SKU050,3.0
DC007,SKU051,3.0
DC007,SKU052,3.0
DC007,SKU053,4.148359402013002
DC007,SKU054,19.823996506459817
DC007,SKU055,3.0
DC007,SKU056,3.0
DC007,SKU057,3.0
DC007,SKU058,9.438334764964198
DC007,SKU059,3.0
DC007,SKU060,3.0
DC007,SKU061,3.0
DC007,SKU062,4.121945358299763
DC007,SKU063,3.7138037750058888
DC007,SKU064,3.0115201935562657
DC007,SKU065,6.602366232868795
DC007,SKU066,3.0
DC007,SKU067,3.0
DC007,SKU068,3.0
DC007,SKU069,3.0
DC007,SKU070,3.0
DC007,SKU071,3.0
DC007,SKU072,6.927238506314902
DC007,SKU073,3.0
DC007,SKU074,8.752945973750128
DC007,SKU075,3.0
DC007,SKU076,3.0
DC007,SKU077,15.1324740485592
DC007,SKU078,9.148934140177616
DC007,SKU079,3.955057164093812
DC007,SKU080,3.0
DC007,SKU081,3.0
DC007,SKU082,3.0
DC007,SKU083,3.471335601533564
DC007,SKU084,9.60896860614334
DC007,SKU085,4.162267602495874
DC007,SKU086,3.0
DC007,SKU087,3.0
DC007,SKU088,3.0
DC007,SKU089,3.0
DC007,SKU090,3.0
DC007,SKU091,3.0
DC007,SKU092,3.0
DC007,SKU093,3.0
DC007,SKU094,3.0
DC007,SKU095,3.0
DC007,SKU096,3.0
DC007,SKU097,27.99310915686836
DC007,SKU098,2.5530217268027764
DC007,SKU099,6.98797128927725
DC007,SKU100,4.355393811750017
DC007,SKU101,3.366497693274777
DC007,SKU102,3.0
DC007,SKU103,3.0
DC007,SKU104,3.0
DC008,SKU001,3.0
DC008,SKU002,3.0
DC008,SKU003,3.0
DC008,SKU004,3.0
DC008,SKU005,3.0
DC008,SKU006,3.0
DC008,SKU007,5.203529121461928
DC008,SKU008,5.453623739191577
DC008,SKU009,3.0
DC008,SKU010,5.815712601012612
DC008,SKU011,3.0
DC008,SKU012,3.0
DC008,SKU013,3.299722066259495
DC008,SKU014,3.0
DC008,SKU015,3.0
DC008,SKU016,3.0
DC008,SKU017,3.0
DC008,SKU018,3.0
DC008,SKU019,9.479865325869582
DC008,SKU020,3.0
DC008,SKU021,58.61903427969967
DC008,SKU022,3.0
DC008,SKU023,3.0
DC008,SKU024,3.0
DC008,SKU025,3.0
DC008,SKU026,3.0
DC008,SKU027,3.0
DC008,SKU028,3.0
DC008,SKU029,3.0230040668720206
DC008,SKU030,5.1985744283049975
DC008,SKU031,3.0
DC008,SKU032,3.0
DC008,SKU033,4.395315208456356
DC008,SKU034,3.0
DC008,SKU035,9.575293803922616
DC008,SKU036,3.4698167219618457
DC008,SKU037,4.431318966828126
DC008,SKU038,3.809279224820505
DC008,SKU039,3.0
DC008,SKU040,4.2723525826257305
DC008,SKU041,3.0
DC008,SKU042,2.8826534247015867
DC008,SKU043,3.0
DC008,SKU044,4.379567618660375
DC008,SKU045,8.673633201705375
DC008,SKU046,3.0
DC008,SKU047,4.556002217589728
DC008,SKU048,3.0
DC008,SKU049,5.139142325327713
DC008,SKU050,3.0
DC008,SKU051,3.0
DC008,SKU052,3.0
DC008,SKU053,3.0
DC008,SKU054,3.934551310958693
DC008,SKU055,3.0
DC008,SKU056,3.0
DC008,SKU057,3.0
DC008,SKU058,13.089368853894335
DC008,SKU059,3.0
DC008,SKU060,4.070791642233788
DC008,SKU061,3.0
DC008,SKU062,7.296544348405273
DC008,SKU063,3.863332447390765
DC008,SKU064,3.83638004008547
DC008,SKU065,6.418997991126525
DC008,SKU066,9.110911742246005
DC008,SKU067,3.0
DC008,SKU068,3.0
DC008,SKU069,3.0
DC008,SKU070,3.0
DC008,SKU071,3.0
DC008,SKU072,2.307540046398573
DC008,SKU073,3.0
DC008,SKU074,3.2845505648861955
DC008,SKU075,3.0
DC008,SKU076,3.0
DC008,SKU077,19.889412469643982
DC008,SKU078,4.578932069247616
DC008,SKU079,4.225179780270525
DC008,SKU080,3.0
DC008,SKU081,3.0
DC008,SKU082,3.0
DC008,SKU083,4.360908175674595
DC008,SKU084,5.775191517680802
DC008,SKU085,3.5164548214139604
DC008,SKU086,3.0
DC008,SKU087,3.0
DC008,SKU088,3.0
DC008,SKU089,3.0
DC008,SKU090,3.0
DC008,SKU091,3.0
DC008,SKU092,3.0
DC008,SKU093,3.0
DC008,SKU094,3.0
DC008,SKU095,3.0
DC008,SKU096,3.0
DC008,SKU097,3.349063956627642
DC008,SKU098,15.293673987900668
DC008,SKU099,6.865726233837498
DC008,SKU100,2.828338883960503
DC008,SKU101,15.40364739956522
DC008,SKU102,3.0
DC008,SKU103,3.0
DC008,SKU104,3.0
DC009,SKU001,3.0
DC009,SKU002,3.0
DC009,SKU003,3.0
DC009,SKU004,3.0
DC009,SKU005,3.0
DC009,SKU006,3.0
DC009,SKU007,3.678760893622402
DC009,SKU008,6.198709321510575
DC009,SKU009,3.0
DC009,SKU010,5.536127003873545
DC009,SKU011,3.0
DC009,SKU012,5.272237763566023
DC009,SKU013,6.119509495915252
DC009,SKU014,3.0
DC009,SKU015,3.0
DC009,SKU016,3.0
DC009,SKU017,3.0
DC009,SKU018,3.0
DC009,SKU019,3.0
DC009,SKU020,3.0
DC009,SKU021,5.594659346934927
DC009,SKU022,3.0
DC009,SKU023,3.0
DC009,SKU024,3.0
DC009,SKU025,3.0
DC009,SKU026,3.0
DC009,SKU027,3.0
DC009,SKU028,3.0
DC009,SKU029,18.50762094697107
DC009,SKU030,3.0
DC009,SKU031,3.0
DC009,SKU032,3.0
DC009,SKU033,9.748616685391434
DC009,SKU034,3.0
DC009,SKU035,7.365392055652845
DC009,SKU036,8.610453404456775
DC009,SKU037,5.93061438041954
DC009,SKU038,5.900141322999154
DC009,SKU039,3.0
DC009,SKU040,13.95778347254408
DC009,SKU041,4.703653218831958
DC009,SKU042,3.0
DC009,SKU043,3.0
DC009,SKU044,4.787370794681344
DC009,SKU045,5.579613193578405
DC009,SKU046,3.0
DC009,SKU047,6.489923440785061
DC009,SKU048,3.0
DC009,SKU049,5.802700745104724
DC009,SKU050,3.0
DC009,SKU051,3.0
DC009,SKU052,3.0
DC009,SKU053,3.0
DC009,SKU054,13.43106137703136
DC009,SKU055,3.0
DC009,SKU056,3.0
DC009,SKU057,3.0
DC009,SKU058,23.055375257321074
DC009,SKU059,3.0
DC009,SKU060,3.0
DC009,SKU061,3.0
DC009,SKU062,12.073776057142828
DC009,SKU063,5.654889471307023
DC009,SKU064,4.8117932082983605
DC009,SKU065,4.416249918850949
DC009,SKU066,4.122873432872488
DC009,SKU067,3.0
DC009,SKU068,3.0
DC009,SKU069,3.0
DC009,SKU070,3.0
DC009,SKU071,3.0
DC009,SKU072,5.211706489045085
DC009,SKU073,3.0
DC009,SKU074,5.879324552305865
DC009,SKU075,3.0
DC009,SKU076,3.0
DC009,SKU077,4.089034294557251
DC009,SKU078,3.0
DC009,SKU079,3.0
DC009,SKU080,3.0
DC009,SKU081,3.0
DC009,SKU082,3.0
DC009,SKU083,4.515599759033407
DC009,SKU084,4.816188685265959
DC009,SKU085,3.0
DC009,SKU086,3.0
DC009,SKU087,3.0
DC009,SKU088,3.0
DC009,SKU089,3.0
DC009,SKU090,3.0
DC009,SKU091,3.0
DC009,SKU092,3.0
DC009,SKU093,3.0
DC009,SKU094,3.0
DC009,SKU095,3.0
DC009,SKU096,3.0
DC009,SKU097,3.0
DC009,SKU098,3.0
DC009,SKU099,5.0039736747069865
DC009,SKU100,19.035206768365104
DC009,SKU101,3.8926982654247295
DC009,SKU102,4.764932322138413
DC009,SKU103,3.0
DC009,SKU104,3.0
DC010,SKU001,3.0
DC010,SKU002,3.0
DC010,SKU003,3.0
DC010,SKU004,3.0
DC010,SKU005,3.0
DC010,SKU006,3.0
DC010,SKU007,3.2909410136338444
DC010,SKU008,3.6612350438171752
DC010,SKU009,3.0
DC010,SKU010,4.872193972145947
DC010,SKU011,3.0
DC010,SKU012,5.945158114344892
DC010,SKU013,4.845520144312975
DC010,SKU014,3.0
DC010,SKU015,3.0
DC010,SKU016,3.0
DC010,SKU017,3.0
DC010,SKU018,3.0
DC010,SKU019,7.184876014908099
DC010,SKU020,3.0
DC010,SKU021,5.9398383474851775
DC010,SKU022,3.0
DC010,SKU023,3.0
DC010,SKU024,3.0
DC010,SKU025,3.0
DC010,SKU026,3.0
DC010,SKU027,3.393944412235514
DC010,SKU028,3.0
DC010,SKU029,7.375251591819438
DC010,SKU030,3.974096420821373
DC010,SKU031,5.475111630908494
DC010,SKU032,3.0
DC010,SKU033,20.060227491987032
DC010,SKU034,3.0
DC010,SKU035,8.125656442061636
DC010,SKU036,3.648748145782792
DC010,SKU037,4.223951612080822
DC010,SKU038,3.042451854224453
DC010,SKU039,4.588664981744275
DC010,SKU040,3.299474730552054
DC010,SKU041,5.6087517174589125
DC010,SKU042,3.0
DC010,SKU043,3.0
DC010,SKU044,3.306237094083216
DC010,SKU045,5.1077355479030775
DC010,SKU046,2.555980789980859
DC010,SKU047,5.008037303299672
DC010,SKU048,4.443333906440795
DC010,SKU049,3.7927964465900144
DC010,SKU050,3.0
DC010,SKU051,3.0
DC010,SKU052,3.0
DC010,SKU053,3.755771417358732
DC010,SKU054,6.1876295701568615
DC010,SKU055,3.0
DC010,SKU056,3.0
DC010,SKU057,3.0
DC010,SKU058,7.054623355189074
DC010,SKU059,3.0
DC010,SKU060,6.716913153476078
DC010,SKU061,3.0
DC010,SKU062,3.8029771788418936
DC010,SKU063,3.109848608929827
DC010,SKU064,2.9513282452691985
DC010,SKU065,3.807894111613616
DC010,SKU066,4.995476477019376
DC010,SKU067,3.0
DC010,SKU068,25.23296575756856
DC010,SKU069,3.0
DC010,SKU070,6.5320485072353645
DC010,SKU071,3.0
DC010,SKU072,6.091422924012407
DC010,SKU073,3.0
DC010,SKU074,5.241441619663843
DC010,SKU075,92.7816201369086
DC010,SKU076,3.0
DC010,SKU077,6.720656906911693
DC010,SKU078,3.0
DC010,SKU079,4.257139869225676
DC010,SKU080,3.0
DC010,SKU081,3.0
DC010,SKU082,3.0
DC010,SKU083,3.238652688865785
DC010,SKU084,4.147612775645519
DC010,SKU085,4.023292178154125
DC010,SKU086,3.0
DC010,SKU087,3.0
DC010,SKU088,3.0
DC010,SKU089,3.0
DC010,SKU090,3.0
DC010,SKU091,3.0
DC010,SKU092,3.0
DC010,SKU093,3.0
DC010,SKU094,3.0
DC010,SKU095,3.0
DC010,SKU096,3.0
DC010,SKU097,4.707828489972063
DC010,SKU098,6.763579056402585
DC010,SKU099,4.601487594051558
DC010,SKU100,4.725749834036233
DC010,SKU101,6.440421683542916
DC010,SKU102,4.262240220966931
DC010,SKU103,3.0
DC010,SKU104,3.0
DC011,SKU001,3.0
DC011,SKU002,3.0
DC011,SKU003,3.0
DC011,SKU004,3.0
DC011,SKU005,3.0
DC011,SKU006,3.0
DC011,SKU007,8.914234014912767
DC011,SKU008,4.77636048502315
DC011,SKU009,3.0
DC011,SKU010,3.4016209037063567
DC011,SKU011,3.0
DC011,SKU012,3.0
DC011,SKU013,3.5382197986581456
DC011,SKU014,3.0
DC011,SKU015,3.0
DC011,SKU016,3.0
DC011,SKU017,3.0
DC011,SKU018,3.0
DC011,SKU019,6.686382562608354
DC011,SKU020,3.0
DC011,SKU021,4.063805746856816
DC011,SKU022,3.0
DC011,SKU023,3.0
DC011,SKU024,3.0
DC011,SKU025,3.0
DC011,SKU026,3.0
DC011,SKU027,3.1388063839856706
DC011,SKU028,3.0
DC011,SKU029,9.08760247721996
DC011,SKU030,3.5439857906425365
DC011,SKU031,12.756528075844116
DC011,SKU032,3.0
DC011,SKU033,7.657951334503001
DC011,SKU034,3.0
DC011,SKU035,4.316484053816011
DC011,SKU036,4.768726256508629
DC011,SKU037,4.402204531293693
DC011,SKU038,3.7688600776063255
DC011,SKU039,3.808828172018988
DC011,SKU040,4.642321418573562
DC011,SKU041,3.0
DC011,SKU042,3.0
DC011,SKU043,3.0
DC011,SKU044,3.913438264827817
DC011,SKU045,2.586340369174321
DC011,SKU046,20.84410901168968
DC011,SKU047,5.139527472672998
DC011,SKU048,3.0
DC011,SKU049,4.955766255292614
DC011,SKU050,3.0
DC011,SKU051,3.0
DC011,SKU052,3.0
DC011,SKU053,3.0
DC011,SKU054,6.482685297370286
DC011,SKU055,3.0
DC011,SKU056,3.0
DC011,SKU057,3.0
DC011,SKU058,5.716935846713266
DC011,SKU059,3.0
DC011,SKU060,3.0
DC011,SKU061,3.0
DC011,SKU062,5.800484489439603
DC011,SKU063,3.926565425719272
DC011,SKU064,4.111798035844869
DC011,SKU065,4.267192181319503
DC011,SKU066,8.352366519317071
DC011,SKU067,3.0
DC011,SKU068,26.24427515710792
DC011,SKU069,3.0
DC011,SKU070,3.0
DC011,SKU071,3.0
DC011,SKU072,3.050756919341401
DC011,SKU073,3.0
DC011,SKU074,9.981712998643442
DC011,SKU075,3.0
DC011,SKU076,3.0
DC011,SKU077,14.306279094925088
DC011,SKU078,4.278339657223115
DC011,SKU079,5.702182000468462
DC011,SKU080,3.0
DC011,SKU081,3.0
DC011,SKU082,3.0
DC011,SKU083,3.99846699527681
DC011,SKU084,87.07725174248161
DC011,SKU085,4.389657253179072
DC011,SKU086,3.0
DC011,SKU087,3.0
DC011,SKU088,3.0
DC011,SKU089,3.0
DC011,SKU090,3.0
DC011,SKU091,3.0
DC011,SKU092,3.0
DC011,SKU093,3.0
DC011,SKU094,3.0
DC011,SKU095,3.0
DC011,SKU096,3.0
DC011,SKU097,5.676373211668682
DC011,SKU098,4.421198242546375
DC011,SKU099,5.042386312359165
DC011,SKU100,6.596795821853433
DC011,SKU101,3.036349008051313
DC011,SKU102,3.0
DC011,SKU103,3.0
DC011,SKU104,3.0
DC012,SKU001,5.0
DC012,SKU002,5.0
DC012,SKU003,5.0
DC012,SKU004,5.0
DC012,SKU005,5.0
DC012,SKU006,5.0
DC012,SKU007,6.985044966263984
DC012,SKU008,5.0
DC012,SKU009,11.607711328830783
DC012,SKU010,5.189324399891206
DC012,SKU011,5.0
DC012,SKU012,9.479771229688373
DC012,SKU013,5.0
DC012,SKU014,5.0
DC012,SKU015,5.0
DC012,SKU016,5.0
DC012,SKU017,5.0
DC012,SKU018,5.0
DC012,SKU019,5.0
DC012,SKU020,5.0
DC012,SKU021,6.058732440584015
DC012,SKU022,5.0
DC012,SKU023,5.0
DC012,SKU024,5.0
DC012,SKU025,5.0
DC012,SKU026,5.0
DC012,SKU027,5.0
DC012,SKU028,5.0
DC012,SKU029,5.0
DC012,SKU030,5.0
DC012,SKU031,5.0
DC012,SKU032,5.0
DC012,SKU033,5.0
DC012,SKU034,5.0
DC012,SKU035,10.956316191434231
DC012,SKU036,5.887746582831817
DC012,SKU037,5.0
DC012,SKU038,5.0
DC012,SKU039,11.352613973539288
DC012,SKU040,5.0
DC012,SKU041,6.389399148876924
DC012,SKU042,5.0
DC012,SKU043,5.0
DC012,SKU044,5.0
DC012,SKU045,7.024778720549695
DC012,SKU046,5.0
DC012,SKU047,5.240498388282469
DC012,SKU048,5.0
DC012,SKU049,5.872886264951351
DC012,SKU050,5.0
DC012,SKU051,5.0
DC012,SKU052,5.0
DC012,SKU053,5.0
DC012,SKU054,5.0
DC012,SKU055,5.0
DC012,SKU056,5.0
DC012,SKU057,5.0
DC012,SKU058,8.766438611386222
DC012,SKU059,5.0
DC012,SKU060,15.847799589600134
DC012,SKU061,5.0
DC012,SKU062,5.0
DC012,SKU063,5.0
DC012,SKU064,5.0
DC012,SKU065,5.0
DC012,SKU066,5.0
DC012,SKU067,5.0
DC012,SKU068,5.0
DC012,SKU069,5.0
DC012,SKU070,5.0
DC012,SKU071,5.0
DC012,SKU072,5.0
DC012,SKU073,5.0
DC012,SKU074,5.0
DC012,SKU075,5.258051993024637
DC012,SKU076,5.0
DC012,SKU077,7.801270312584084
DC012,SKU078,5.0
DC012,SKU079,5.0
DC012,SKU080,5.0
DC012,SKU081,5.0
DC012,SKU082,5.0
DC012,SKU083,5.0
DC012,SKU084,5.3318150279068846
DC012,SKU085,5.0
DC012,SKU086,5.0
DC012,SKU087,5.0
DC012,SKU088,5.0
DC012,SKU089,5.0
DC012,SKU090,5.0
DC012,SKU091,5.0
DC012,SKU092,5.0
DC012,SKU093,5.0
DC012,SKU094,5.0
DC012,SKU095,5.0
DC012,SKU096,5.0
DC012,SKU097,5.0
DC012,SKU098,5.0
DC012,SKU099,5.446993908010656
DC012,SKU100,5.12919829703224
DC012,SKU101,7.497595849332833
DC012,SKU102,5.0
DC012,SKU103,5.0
DC012,SKU104,5.0
DC013,SKU001,3.0
DC013,SKU002,3.0
DC013,SKU003,3.0
DC013,SKU004,3.0
DC013,SKU005,3.0
DC013,SKU006,3.0
DC013,SKU007,7.206252685503519
DC013,SKU008,5.2058777727741
DC013,SKU009,3.0
DC013,SKU010,5.129566681837352
DC013,SKU011,3.0
DC013,SKU012,18.020455075631176
DC013,SKU013,6.082406031288488
DC013,SKU014,3.0
DC013,SKU015,3.0
DC013,SKU016,3.0
DC013,SKU017,3.0
DC013,SKU018,3.0
DC013,SKU019,3.0
DC013,SKU020,3.0
DC013,SKU021,5.973413654761741
DC013,SKU022,3.0
DC013,SKU023,3.0
DC013,SKU024,3.0
DC013,SKU025,3.0
DC013,SKU026,3.0
DC013,SKU027,10.061161121159156
DC013,SKU028,3.0
DC013,SKU029,6.958494253464557
DC013,SKU030,2.493406719642241
DC013,SKU031,3.681899962275944
DC013,SKU032,3.0
DC013,SKU033,10.219682101564768
DC013,SKU034,3.0
DC013,SKU035,14.50225667870762
DC013,SKU036,5.139991461357921
DC013,SKU037,4.671467813776499
DC013,SKU038,2.990337963859395
DC013,SKU039,3.109162425226167
DC013,SKU040,4.649350830863272
DC013,SKU041,4.62363247411121
DC013,SKU042,3.0
DC013,SKU043,3.0
DC013,SKU044,3.950405865829102
DC013,SKU045,7.872966910475619
DC013,SKU046,11.359927252390646
DC013,SKU047,4.989122693277499
DC013,SKU048,2.7143363549879487
DC013,SKU049,4.076308692485441
DC013,SKU050,3.0
DC013,SKU051,3.0
DC013,SKU052,3.0
DC013,SKU053,3.0
DC013,SKU054,6.798649376559217
DC013,SKU055,3.0
DC013,SKU056,3.0
DC013,SKU057,3.0
DC013,SKU058,8.050179380194033
DC013,SKU059,3.0
DC013,SKU060,8.533068822300612
DC013,SKU061,3.0
DC013,SKU062,4.494714854743182
DC013,SKU063,3.8822410785523
DC013,SKU064,4.370745774716516
DC013,SKU065,3.952327619893257
DC013,SKU066,6.03287613474037
DC013,SKU067,3.0
DC013,SKU068,3.569297890656264
DC013,SKU069,3.0
DC013,SKU070,3.690377344385232
DC013,SKU071,3.0
DC013,SKU072,9.679113779430986
DC013,SKU073,3.0
DC013,SKU074,10.723777103967477
DC013,SKU075,3.66681341661399
DC013,SKU076,3.0
DC013,SKU077,6.145512809346531
DC013,SKU078,4.286970289904184
DC013,SKU079,8.900492245377855
DC013,SKU080,3.0
DC013,SKU081,3.0
DC013,SKU082,3.0
DC013,SKU083,4.40898808846746
DC013,SKU084,4.621130008509975
DC013,SKU085,3.784881754017648
DC013,SKU086,3.0
DC013,SKU087,3.0
DC013,SKU088,3.0
DC013,SKU089,3.0
DC013,SKU090,3.0
DC013,SKU091,3.0
DC013,SKU092,3.0
DC013,SKU093,3.0
DC013,SKU094,3.0
DC013,SKU095,3.0
DC013,SKU096,3.0
DC013,SKU097,3.0
DC013,SKU098,4.322962419921158
DC013,SKU099,5.798061459364577
DC013,SKU100,3.72545233374992
DC013,SKU101,10.647000554420067
DC013,SKU102,3.0
DC013,SKU103,3.0
DC013,SKU104,3.0
DC014,SKU001,3.0
DC014,SKU002,3.0
DC014,SKU003,3.0
DC014,SKU004,3.0
DC014,SKU005,3.0
DC014,SKU006,3.0
DC014,SKU007,6.542412124135795
DC014,SKU008,5.366446367891408
DC014,SKU009,3.0
DC014,SKU010,3.0
DC014,SKU011,3.0
DC014,SKU012,3.0
DC014,SKU013,7.781591786334497
DC014,SKU014,3.0
DC014,SKU015,3.0
DC014,SKU016,3.0
DC014,SKU017,3.0
DC014,SKU018,3.0
DC014,SKU019,11.247076068330172
DC014,SKU020,3.0
DC014,SKU021,3.840498327415845
DC014,SKU022,3.0
DC014,SKU023,3.0
DC014,SKU024,3.0
DC014,SKU025,3.0
DC014,SKU026,3.0
DC014,SKU027,3.0
DC014,SKU028,3.0
DC014,SKU029,6.927289909315934
DC014,SKU030,2.8681051471354
DC014,SKU031,5.077941498152248
DC014,SKU032,3.0
DC014,SKU033,5.589564085989581
DC014,SKU034,3.0
DC014,SKU035,17.76375438571157
DC014,SKU036,5.786879409205533
DC014,SKU037,6.874663336096207
DC014,SKU038,3.85903048785388
DC014,SKU039,3.0
DC014,SKU040,5.104486324996116
DC014,SKU041,3.0
DC014,SKU042,3.0
DC014,SKU043,3.0
DC014,SKU044,4.231288122000604
DC014,SKU045,3.0
DC014,SKU046,3.0
DC014,SKU047,4.993192909969574
DC014,SKU048,6.506677039225796
DC014,SKU049,4.766702613920257
DC014,SKU050,3.0
DC014,SKU051,3.0
DC014,SKU052,3.0
DC014,SKU053,3.0
DC014,SKU054,10.439910710679312
DC014,SKU055,3.0
DC014,SKU056,3.0
DC014,SKU057,3.0
DC014,SKU058,4.155084290774474
DC014,SKU059,3.0
DC014,SKU060,3.0
DC014,SKU061,3.0
DC014,SKU062,5.841981284021578
DC014,SKU063,3.9729729498741015
DC014,SKU064,3.522737013195951
DC014,SKU065,3.0
DC014,SKU066,9.105251865660955
DC014,SKU067,3.0
DC014,SKU068,3.0
DC014,SKU069,3.0
DC014,SKU070,3.0
DC014,SKU071,3.0
DC014,SKU072,2.922996870795919
DC014,SKU073,3.0
DC014,SKU074,3.225935789618309
DC014,SKU075,3.0
DC014,SKU076,3.0
DC014,SKU077,2.608504926619058
DC014,SKU078,3.0
DC014,SKU079,4.050058902790507
DC014,SKU080,3.0
DC014,SKU081,3.0
DC014,SKU082,3.0
DC014,SKU083,3.941910146447277
DC014,SKU084,3.0
DC014,SKU085,9.476674805950235
DC014,SKU086,3.0
DC014,SKU087,3.0
DC014,SKU088,3.0
DC014,SKU089,3.0
DC014,SKU090,3.0
DC014,SKU091,3.0
DC014,SKU092,3.0
DC014,SKU093,3.0
DC014,SKU094,3.0
DC014,SKU095,3.0
DC014,SKU096,3.0
DC014,SKU097,2.6104132508871496
DC014,SKU098,11.015992122348528
DC014,SKU099,3.062498593895186
DC014,SKU100,3.5663279660507694
DC014,SKU101,3.0
DC014,SKU102,3.0
DC014,SKU103,3.0
DC014,SKU104,3.0
DC015,SKU001,3.0
DC015,SKU002,3.0
DC015,SKU003,3.0
DC015,SKU004,3.0
DC015,SKU005,3.0
DC015,SKU006,3.0
DC015,SKU007,6.7718906988072485
DC015,SKU008,3.975440478708261
DC015,SKU009,3.0
DC015,SKU010,4.862628240249998
DC015,SKU011,3.0
DC015,SKU012,3.8952099167313112
DC015,SKU013,5.457816795642635
DC015,SKU014,3.0
DC015,SKU015,3.0
DC015,SKU016,3.0
DC015,SKU017,3.0
DC015,SKU018,3.0
DC015,SKU019,5.757760371173765
DC015,SKU020,3.0
DC015,SKU021,5.800930898858064
DC015,SKU022,3.0
DC015,SKU023,3.0
DC015,SKU024,3.0
DC015,SKU025,3.0
DC015,SKU026,3.0
DC015,SKU027,4.73001560928317
DC015,SKU028,3.0
DC015,SKU029,6.500938558358529
DC015,SKU030,2.9201082212925007
DC015,SKU031,3.1823470525608046
DC015,SKU032,3.0
DC015,SKU033,3.6019869938787505
DC015,SKU034,3.0
DC015,SKU035,12.485873778518789
DC015,SKU036,4.097900267413801
DC015,SKU037,3.424662986744488
DC015,SKU038,2.821430666360838
DC015,SKU039,5.964986973142887
DC015,SKU040,3.626980035220401
DC015,SKU041,5.423672943033565
DC015,SKU042,3.0
DC015,SKU043,3.0
DC015,SKU044,4.049234903493687
DC015,SKU045,2.971460332961588
DC015,SKU046,3.337513722879143
DC015,SKU047,3.5910345285400496
DC015,SKU048,3.0
DC015,SKU049,3.831455360700485
DC015,SKU050,3.0
DC015,SKU051,3.0
DC015,SKU052,3.0
DC015,SKU053,3.0
DC015,SKU054,6.9736927200798
DC015,SKU055,3.0
DC015,SKU056,3.0
DC015,SKU057,3.0
DC015,SKU058,3.5897287864781875
DC015,SKU059,3.0
DC015,SKU060,3.0
DC015,SKU061,3.0
DC015,SKU062,4.096793534322347
DC015,SKU063,3.011744874270104
DC015,SKU064,3.4596178361901
DC015,SKU065,4.3982552467701135
DC015,SKU066,9.361521503910245
DC015,SKU067,4.075820496300323
DC015,SKU068,4.405114296919351
DC015,SKU069,3.0
DC015,SKU070,7.712994342164583
DC015,SKU071,3.0
DC015,SKU072,5.507245611137478
DC015,SKU073,5.280903539229976
DC015,SKU074,3.042412615237607
DC015,SKU075,4.956388991193361
DC015,SKU076,3.0
DC015,SKU077,6.558937118121156
DC015,SKU078,23.73191529054236
DC015,SKU079,3.062522884074274
DC015,SKU080,3.0
DC015,SKU081,3.0
DC015,SKU082,3.0
DC015,SKU083,3.361016502194979
DC015,SKU084,4.269839459915896
DC015,SKU085,5.018705744224287
DC015,SKU086,3.0
DC015,SKU087,3.0
DC015,SKU088,3.0
DC015,SKU089,3.0
DC015,SKU090,3.0
DC015,SKU091,3.0860654697725747
DC015,SKU092,3.0
DC015,SKU093,3.0
DC015,SKU094,3.0
DC015,SKU095,3.0
DC015,SKU096,3.0
DC015,SKU097,2.4607350875942213
DC015,SKU098,2.523244168276512
DC015,SKU099,4.047715515574458
DC015,SKU100,4.264497815068532
DC015,SKU101,5.289804595651495
DC015,SKU102,3.0
DC015,SKU103,3.0
DC015,SKU104,3.0
DC016,SKU001,3.0
DC016,SKU002,3.0
DC016,SKU003,3.0
DC016,SKU004,3.0
DC016,SKU005,3.0
DC016,SKU006,3.0
DC016,SKU007,5.857809858962919
DC016,SKU008,4.611631600309528
DC016,SKU009,3.0
DC016,SKU010,3.06864879186402
DC016,SKU011,3.0
DC016,SKU012,3.0
DC016,SKU013,6.001114722807773
DC016,SKU014,3.0
DC016,SKU015,3.0
DC016,SKU016,3.0
DC016,SKU017,3.0
DC016,SKU018,3.0
DC016,SKU019,24.537225604178605
DC016,SKU020,3.0
DC016,SKU021,3.4405452777486354
DC016,SKU022,3.0
DC016,SKU023,3.0
DC016,SKU024,3.0
DC016,SKU025,3.0
DC016,SKU026,3.0
DC016,SKU027,3.0
DC016,SKU028,3.0
DC016,SKU029,3.208519878125178
DC016,SKU030,3.693689979355476
DC016,SKU031,3.0696615632258824
DC016,SKU032,3.0
DC016,SKU033,4.3415236423240495
DC016,SKU034,3.0
DC016,SKU035,3.4351697992369297
DC016,SKU036,4.138494809993149
DC016,SKU037,4.6630101322714514
DC016,SKU038,3.5632589914826984
DC016,SKU039,14.020036390112889
DC016,SKU040,4.35927759464522
DC016,SKU041,3.021648736559511
DC016,SKU042,3.746773898813449
DC016,SKU043,3.0
DC016,SKU044,3.847590322542184
DC016,SKU045,2.795444878417858
DC016,SKU046,2.6583217759096023
DC016,SKU047,5.465091394028392
DC016,SKU048,3.0
DC016,SKU049,4.853310300734986
DC016,SKU050,3.0
DC016,SKU051,3.0
DC016,SKU052,3.0
DC016,SKU053,3.0
DC016,SKU054,8.489517382055109
DC016,SKU055,3.0
DC016,SKU056,3.0
DC016,SKU057,3.0
DC016,SKU058,7.556117581329758
DC016,SKU059,3.0
DC016,SKU060,3.0
DC016,SKU061,3.0
DC016,SKU062,5.4686730232891305
DC016,SKU063,3.833054877316268
DC016,SKU064,3.641850461568873
DC016,SKU065,4.716997038200314
DC016,SKU066,4.730230166768339
DC016,SKU067,3.0
DC016,SKU068,5.923536504972887
DC016,SKU069,3.0
DC016,SKU070,3.0
DC016,SKU071,3.0
DC016,SKU072,4.603869763285071
DC016,SKU073,3.0
DC016,SKU074,8.210561765864277
DC016,SKU075,3.0
DC016,SKU076,3.0
DC016,SKU077,2.938701774503648
DC016,SKU078,34.78302892756679
DC016,SKU079,4.513749948362996
DC016,SKU080,3.0
DC016,SKU081,3.0
DC016,SKU082,3.0
DC016,SKU083,3.7854533337314216
DC016,SKU084,5.511806825560289
DC016,SKU085,3.6519161119073766
DC016,SKU086,3.0
DC016,SKU087,3.0
DC016,SKU088,3.0
DC016,SKU089,3.0
DC016,SKU090,3.0
DC016,SKU091,3.0
DC016,SKU092,3.0
DC016,SKU093,3.0
DC016,SKU094,3.0
DC016,SKU095,3.0
DC016,SKU096,3.0
DC016,SKU097,4.446792531319716
DC016,SKU098,3.192847663466873
DC016,SKU099,6.839285202487332
DC016,SKU100,5.103185447041214
DC016,SKU101,3.291061753667747
DC016,SKU102,11.979962518399924
DC016,SKU103,3.0
DC016,SKU104,3.0
DC017,SKU001,3.0
DC017,SKU002,3.0
DC017,SKU003,3.0
DC017,SKU004,3.0
DC017,SKU005,3.0
DC017,SKU006,3.0
DC017,SKU007,4.686184521331218
DC017,SKU008,4.548564569059301
DC017,SKU009,3.0
DC017,SKU010,2.681851136391001
DC017,SKU011,3.0
DC017,SKU012,3.0
DC017,SKU013,3.5077789867935136
DC017,SKU014,3.0
DC017,SKU015,3.0
DC017,SKU016,3.0
DC017,SKU017,3.0
DC017,SKU018,3.0
DC017,SKU019,7.825093300222477
DC017,SKU020,3.0
DC017,SKU021,3.1418516243409247
DC017,SKU022,3.0
DC017,SKU023,3.0
DC017,SKU024,3.0
DC017,SKU025,3.0
DC017,SKU026,3.0
DC017,SKU027,21.58348886850693
DC017,SKU028,3.0
DC017,SKU029,7.896845986653491
DC017,SKU030,3.584062067440376
DC017,SKU031,28.03506168438943
DC017,SKU032,3.0
DC017,SKU033,13.275492589976142
DC017,SKU034,3.0
DC017,SKU035,3.046215175055078
DC017,SKU036,5.043969817064924
DC017,SKU037,4.128623296165147
DC017,SKU038,2.6707183275906923
DC017,SKU039,4.985913066580316
DC017,SKU040,3.5067503099450708
DC017,SKU041,5.414406691514076
DC017,SKU042,3.214865402017923
DC017,SKU043,3.0
DC017,SKU044,3.48656010163911
DC017,SKU045,3.0
DC017,SKU046,3.0
DC017,SKU047,4.811365260978149
DC017,SKU048,3.536133245777592
DC017,SKU049,5.301776293579618
DC017,SKU050,3.0
DC017,SKU051,3.0
DC017,SKU052,3.0
DC017,SKU053,2.702808485081078
DC017,SKU054,4.969001444043241
DC017,SKU055,3.0
DC017,SKU056,3.0
DC017,SKU057,3.0
DC017,SKU058,4.297115580779961
DC017,SKU059,3.0
DC017,SKU060,3.567980414903696
DC017,SKU061,3.0
DC017,SKU062,4.149848698483653
DC017,SKU063,3.21604146703219
DC017,SKU064,3.436256395274956
DC017,SKU065,4.657025582550448
DC017,SKU066,7.534630351262645
DC017,SKU067,3.0
DC017,SKU068,3.1679329124200737
DC017,SKU069,3.0
DC017,SKU070,3.0
DC017,SKU071,3.0
DC017,SKU072,6.819619273457952
DC017,SKU073,3.0
DC017,SKU074,4.089917905401206
DC017,SKU075,4.480843998642592
DC017,SKU076,3.0
DC017,SKU077,25.320109773178995
DC017,SKU078,5.756200936185159
DC017,SKU079,3.797384735574681
DC017,SKU080,3.0
DC017,SKU081,3.0
DC017,SKU082,3.0
DC017,SKU083,3.007608437193502
DC017,SKU084,4.673712118303943
DC017,SKU085,3.838651766053743
DC017,SKU086,3.0
DC017,SKU087,3.0
DC017,SKU088,3.0
DC017,SKU089,3.0
DC017,SKU090,3.0
DC017,SKU091,3.0
DC017,SKU092,3.0
DC017,SKU093,3.0
DC017,SKU094,3.0
DC017,SKU095,3.0
DC017,SKU096,3.0
DC017,SKU097,3.059922845407085
DC017,SKU098,8.301449516744908
DC017,SKU099,4.147858704721951
DC017,SKU100,4.442957579788453
DC017,SKU101,3.0
DC017,SKU102,3.0
DC017,SKU103,3.0
DC017,SKU104,3.0
DC018,SKU001,3.0
DC018,SKU002,3.0
DC018,SKU003,3.0
DC018,SKU004,3.0
DC018,SKU005,3.0
DC018,SKU006,3.0
DC018,SKU007,8.11205303538541
DC018,SKU008,5.2459643488205
DC018,SKU009,3.0
DC018,SKU010,6.315320497267404
DC018,SKU011,3.0
DC018,SKU012,97.82779356903328
DC018,SKU013,5.059218045448889
DC018,SKU014,3.0
DC018,SKU015,3.0
DC018,SKU016,3.0
DC018,SKU017,3.0
DC018,SKU018,3.0
DC018,SKU019,2.6044502129085427
DC018,SKU020,3.0
DC018,SKU021,3.1729900695240087
DC018,SKU022,3.0
DC018,SKU023,3.0
DC018,SKU024,3.0
DC018,SKU025,3.0
DC018,SKU026,3.0
DC018,SKU027,3.0
DC018,SKU028,3.0
DC018,SKU029,7.15194408156126
DC018,SKU030,2.7399249684314624
DC018,SKU031,3.051865249374326
DC018,SKU032,3.0
DC018,SKU033,30.33796808024971
DC018,SKU034,3.0
DC018,SKU035,13.440287824101537
DC018,SKU036,5.678423683907601
DC018,SKU037,4.480366516315003
DC018,SKU038,3.253443624383058
DC018,SKU039,4.205627706661064
DC018,SKU040,5.376641045066863
DC018,SKU041,7.171195091892756
DC018,SKU042,3.0
DC018,SKU043,3.0
DC018,SKU044,4.849086433543937
DC018,SKU045,6.627062462378452
DC018,SKU046,3.187967783653613
DC018,SKU047,5.753872739817134
DC018,SKU048,3.6748196788899294
DC018,SKU049,5.325392805339489
DC018,SKU050,3.0
DC018,SKU051,3.0
DC018,SKU052,3.0
DC018,SKU053,3.0
DC018,SKU054,7.815257415456156
DC018,SKU055,3.903747297070818
DC018,SKU056,3.0
DC018,SKU057,3.0
DC018,SKU058,4.499364668701237
DC018,SKU059,3.0
DC018,SKU060,8.797428926457805
DC018,SKU061,3.0
DC018,SKU062,7.287496055889565
DC018,SKU063,4.710261869068553
DC018,SKU064,3.668002680966952
DC018,SKU065,5.218126816836157
DC018,SKU066,33.46498429761348
DC018,SKU067,3.0
DC018,SKU068,4.117640439013156
DC018,SKU069,3.0
DC018,SKU070,3.0
DC018,SKU071,3.0
DC018,SKU072,3.0
DC018,SKU073,3.0
DC018,SKU074,3.540097999362713
DC018,SKU075,4.194626849011349
DC018,SKU076,3.0
DC018,SKU077,2.9144663218303584
DC018,SKU078,3.0
DC018,SKU079,3.0
DC018,SKU080,3.0
DC018,SKU081,3.0
DC018,SKU082,3.0
DC018,SKU083,4.078655510122799
DC018,SKU084,7.137862106175973
DC018,SKU085,6.917004167879209
DC018,SKU086,3.0
DC018,SKU087,3.0
DC018,SKU088,3.0
DC018,SKU089,3.0
DC018,SKU090,3.0
DC018,SKU091,3.0
DC018,SKU092,3.0
DC018,SKU093,3.0
DC018,SKU094,3.0
DC018,SKU095,3.0
DC018,SKU096,3.0
DC018,SKU097,3.0
DC018,SKU098,5.776235227077836
DC018,SKU099,3.698877091375011
DC018,SKU100,4.800977836094134
DC018,SKU101,15.29724211888126
DC018,SKU102,3.0
DC018,SKU103,3.0
DC018,SKU104,3.0
